Age,AvatarImg,Grade,GradeImg,GradePrice,Name,Online,Position,Profile,Service,ServiceSep,SexBg,SexImg,Tag,TagSep,audio_url,company,crawl_date,crawl_date_2,homepage,rank,rank_2,website
21,http://cos.duopei.feiniaowangluo.com/9/clerk/16835941179264GAkJxPi0L.jpg?imageView2/1/w/200/h/200,,/static/images/9/grade-4-women.png,,å¤©ç©ºçŒ«å®¢æœ-å¥¶ç›–,â—åœ¨çº¿,,,â—åœ¨çº¿,,"background: rgb(248, 127, 170);",,,åº—å‘˜æ¨è-ç²¾å‡†åŒ¹é…|åº—å‘˜æŠ•è¯‰-é—®é¢˜è§£å†³å¤§å¸ˆ|ç›´æ¥æ‰«ç æ·»åŠ ,http://cos.duopei.feiniaowangluo.com/9/clerk/1686223833317ibIY6Rlnhk.mp3,å¤©ç©ºçŒ«çš„æ ‘æ´,2023-08-03 11:26:23,2023-08-03 03:26:23,http://oxxs5iqzqz.duopei-m.manongnet.cn/clerk/detail/71807?itemCategoryId,0,0,http://oxxs5iqzqz.duopei-m.manongnet.cn
22,http://cos.duopei.feiniaowangluo.com/9/clerk/apply/1672405474253DJDcHeU9gi.jpg?imageView2/1/w/200/h/200,,/static/images/9/grade-4-women.png,,å®¢æœç‹¸å­,â—åœ¨çº¿,,,â—åœ¨çº¿,,"background: rgb(248, 127, 170);",,,åº—å‘˜æ¨èğŸ–¤|åº—å‘˜æŠ•è¯‰ğŸ–¤|æ’å¿§è§£éš¾ğŸ–¤,http://cos.duopei.feiniaowangluo.com/9/clerk/apply/1672405473266LM79OYxlXk.mp3,å¤©ç©ºçŒ«çš„æ ‘æ´,2023-08-03 11:26:23,2023-08-03 03:26:23,http://oxxs5iqzqz.duopei-m.manongnet.cn/clerk/detail/71878?itemCategoryId,1,1,http://oxxs5iqzqz.duopei-m.manongnet.cn
23,http://cos.duopei.feiniaowangluo.com/9/clerk/1689261660416NkorNvecww.jpg?imageView2/1/w/200/h/200,,/static/images/9/grade-4-women.png,,å®¢æœ-å¦†æ³,â—åœ¨çº¿,,,â—åœ¨çº¿,,"background: rgb(248, 127, 170);",,,åº—å‘˜æ¨è ä¼˜å…ˆåŒ¹é…|è®¢å•æŠ•è¯‰ å”®åæœåŠ¡|æš–å¿ƒé™ªä¼´ è§£å¿§æ ‘æ´,http://cos.duopei.feiniaowangluo.com/9/clerk/1689261749902VPZ4z1dpKX.mp3,å¤©ç©ºçŒ«çš„æ ‘æ´,2023-08-03 11:26:24,2023-08-03 03:26:23,http://oxxs5iqzqz.duopei-m.manongnet.cn/clerk/detail/73372?itemCategoryId,2,2,http://oxxs5iqzqz.duopei-m.manongnet.cn
25,http://cos.duopei.feiniaowangluo.com/9/clerk/1690824987005rUjcbyomp4.jpg?imageView2/1/w/200/h/200,,/static/images/9/grade-4-women.png,,æ—å¤•,â—åœ¨çº¿â—æ–‡è¯­â—è¿éº¦â—ä¹°æ–­,,,â—åœ¨çº¿â—æ–‡è¯­â—è¿éº¦â—ä¹°æ–­,,"background: rgb(248, 127, 170);",,,çˆ±æ—…è¡Œ çˆ±è‡ªç”±|è¿‘æœŸå¥èº«æˆ¿æ³¡ing|å…»çŒ«|ä¼špiaæˆ è‡ªå¸¦ä»·æ ¼,http://cos.duopei.feiniaowangluo.com/9/clerk/1689262397754OKU7bo2wQ8.mp3,å¤©ç©ºçŒ«çš„æ ‘æ´,2023-08-03 11:26:24,2023-08-03 03:26:23,http://oxxs5iqzqz.duopei-m.manongnet.cn/clerk/detail/71890?itemCategoryId,3,3,http://oxxs5iqzqz.duopei-m.manongnet.cn
23,http://cos.duopei.feiniaowangluo.com/9/clerk/1689863933999b50ZS3yAp5.jpg?imageView2/1/w/200/h/200,,/static/images/9/grade-4-men.png,,ä¸€åªé±¼,â—åœ¨çº¿â—æ–‡è¯­â—è¿éº¦â—ä¹°æ–­,,,â—åœ¨çº¿â—æ–‡è¯­â—è¿éº¦â—ä¹°æ–­,,"background: rgb(29, 157, 232);",,,åå·®âœ¨|æ­Œæ‰‹|çº¯æ¬²ç”·å¤§|æŒ‡å®šä¸äº|182/è…¹è‚Œ,http://cos.duopei.feiniaowangluo.com/9/clerk/1685783155025sHsuTdWAdt.mp3,å¤©ç©ºçŒ«çš„æ ‘æ´,2023-08-03 11:26:25,2023-08-03 03:26:23,http://oxxs5iqzqz.duopei-m.manongnet.cn/clerk/detail/97362?itemCategoryId,4,4,http://oxxs5iqzqz.duopei-m.manongnet.cn
19,http://cos.duopei.feiniaowangluo.com/92/clerk/16841010248904Wv73x2vMr.jpg?imageView2/1/w/200/h/200,,,40 / ç³–æœ,ç³–æ‹å®¢æœ-å®‰é±¼,åœ¨çº¿,,,,,"background: linear-gradient(to right, rgb(255, 157, 167), rgb(255, 126, 209));",,,åº—å‘˜æ¨èæŠ•è¯‰é€€æ¬¾åŠ æˆ‘|ç‚¹æˆ‘èµ„æ–™å¡æ‰«ç å¯åŠ æˆ‘|åŸç³»ç»Ÿæœ‰ä½™é¢åŠ æˆ‘è¡¥ä¸Š,http://cos.duopei.feiniaowangluo.com/92/clerk/apply/1683742502555lJHxwUQO5S.mp3,ç³–æ‹æ ‘æ´,2023-08-03 11:26:26,2023-08-03 03:26:26,http://tj5uhmrpeq.duopei-m.featnet.com/clerk/detail/93337?itemCategoryId&VNK=2b8d2b2a,0,0,http://tj5uhmrpeq.duopei-m.featnet.com
18,http://cos.duopei.feiniaowangluo.com/92/clerk/1685074769299oEaR7WhTMC.jpg?imageView2/1/w/200/h/200,,,40 / ç³–æœ,å®¢æœé˜®-åº—å‘˜æ¨è,åœ¨çº¿,,,,,"background: linear-gradient(to right, rgb(255, 157, 167), rgb(255, 126, 209));",,,åº—å‘˜æ¨è-ç²¾å‡†åŒ¹é…|åº—å‘˜æŠ•è¯‰-é—®é¢˜è§£å†³å¤§å¸ˆ|åº—å‘˜ç”³è¯·å¯å’¨è¯¢,http://cos.duopei.feiniaowangluo.com/92/clerk/1685075126919sqT35eXpmt.mp3,ç³–æ‹æ ‘æ´,2023-08-03 11:26:26,2023-08-03 03:26:26,http://tj5uhmrpeq.duopei-m.featnet.com/clerk/detail/95986?itemCategoryId&VNK=03083d42,1,1,http://tj5uhmrpeq.duopei-m.featnet.com
21,http://cos.duopei.feiniaowangluo.com/92/clerk/1689078514353zQbOJvgJ4X.jpg?imageView2/1/w/200/h/200,,,40 / ç³–æœ,å°æŸ”,åœ¨çº¿,,,æ–‡è¯­|è¿éº¦|è§†é¢‘|æ¸¸æˆ,,"background: linear-gradient(to right, rgb(255, 157, 167), rgb(255, 126, 209));",,,åå·®å¥³å‹ğŸ”¥|æƒ…æ„Ÿå’¨è¯¢ğŸŒŸ|å›½ç‹æ¸¸æˆğŸš«|å“„ç¡å‚¬çœ ğŸŒ·|æ›¿èº«æ–‡å­¦ğŸŸ,http://cos.duopei.feiniaowangluo.com/92/clerk/1689078780628l8o7NL8ypR.mp3,ç³–æ‹æ ‘æ´,2023-08-03 11:26:27,2023-08-03 03:26:26,http://tj5uhmrpeq.duopei-m.featnet.com/clerk/detail/93961?itemCategoryId&VNK=c8b9386e,2,2,http://tj5uhmrpeq.duopei-m.featnet.com
20,http://cos.duopei.feiniaowangluo.com/92/clerk/1690650065184NGRmugLfbd.jpg?imageView2/1/w/200/h/200,,,40 / ç³–æœ,è§£è¯,åœ¨çº¿,,,æ–‡è¯­|è¿éº¦|è§†é¢‘|æ¸¸æˆ,,"background: linear-gradient(to right, rgb(255, 157, 167), rgb(255, 126, 209));",,,é™ªä½ ä¸€æ•´æ™š|æ’©äººä¸è‡ªçŸ¥|å¿ƒåŠ¨åœ¨æ­¤åˆ»|ğŸˆ¯ï¸å®šå¯è§†é¢‘|æ‡‚ä½ æ‰€éœ€å¦‚ä½ æ‰€æ„¿,http://cos.duopei.feiniaowangluo.com/92/clerk/1690647322688oXNGqA4zJ8.mp3,ç³–æ‹æ ‘æ´,2023-08-03 11:26:28,2023-08-03 03:26:26,http://tj5uhmrpeq.duopei-m.featnet.com/clerk/detail/97369?itemCategoryId&VNK=21c46779,3,3,http://tj5uhmrpeq.duopei-m.featnet.com
22,http://cos.duopei.feiniaowangluo.com/92/clerk/1686753806850P7UkH8qSvn.jpg?imageView2/1/w/200/h/200,,,40 / ç³–æœ,æ¸©è’‚,åœ¨çº¿,,,,,"background: linear-gradient(to right, rgb(255, 157, 167), rgb(255, 126, 209));",,,æ¸©æŸ”æ²»æ„ˆæµªæ¼«ä¸æ­¢|åŒå•†åœ¨çº¿æœ‰å¹¸é‡è§|æ„Ÿè§‰è‡³ä¸Šçµé­‚å…±é¸£|å“„ç¡ä¼˜è´¨é€‰æ‰‹,http://cos.duopei.feiniaowangluo.com/92/clerk/1686752557316sT0jPgYLqm.mp3,ç³–æ‹æ ‘æ´,2023-08-03 11:26:28,2023-08-03 03:26:26,http://tj5uhmrpeq.duopei-m.featnet.com/clerk/detail/99716?itemCategoryId&VNK=be704e14,4,4,http://tj5uhmrpeq.duopei-m.featnet.com
88,http://cos.duopei.feiniaowangluo.com/47/clerk/1688601028677iZoeaQuABp.jpg?imageView2/1/w/200/h/200,,/static/images/47/6.png,,å…®é¢œ,åœ¨çº¿ | æ–‡è¯­ | è¿éº¦ | ä¹°æ–­ä¸“å±,æ¹–å—,,åœ¨çº¿ | æ–‡è¯­ | è¿éº¦ | ä¹°æ–­ä¸“å±,,,/static/images/47/women.png,ç™¾å˜å°‘å¥³ | æ¸©æŸ”æ ‘æ´ | æ´»æ³¼å°å­© | ä½ æ‰€è§å³æ˜¯æˆ‘ | æ‰“èµ20ç•™V,,http://cos.duopei.feiniaowangluo.com/47/clerk/16847415774834Rqk8VjjCa.mp3,æ©˜è‰²ç¯ç½©,2023-08-03 11:26:37,2023-08-03 03:26:37,http://8mukjha763.duopei-m.99c99c.com/clerk/detail/66163,0,0,http://8mukjha763.duopei-m.99c99c.com
22,http://cos.duopei.feiniaowangluo.com/47/clerk/169081870766929NI13q64s.jpg?imageView2/1/w/200/h/200,,/static/images/47/6.png,,æ‹›è´¢çŒ«,åœ¨çº¿ | æ–‡è¯­ | è¿éº¦ | ä¹°æ–­ä¸“å±,æ¹–åŒ—,,åœ¨çº¿ | æ–‡è¯­ | è¿éº¦ | ä¹°æ–­ä¸“å±,,,/static/images/47/women.png,æˆ‘çŸ¥é“ä½ ä¼šæ¥ | æ‰€ä»¥æˆ‘åœ¨ç­‰,,http://cos.duopei.feiniaowangluo.com/47/clerk/1690779013854umgBqeBrp3.mp3,æ©˜è‰²ç¯ç½©,2023-08-03 11:26:37,2023-08-03 03:26:37,http://8mukjha763.duopei-m.99c99c.com/clerk/detail/97876,1,1,http://8mukjha763.duopei-m.99c99c.com
52,http://cos.duopei.feiniaowangluo.com/47/clerk/1690650076878hZutWnnIDR.jpg?imageView2/1/w/200/h/200,,/static/images/47/6.png,,å¹»æƒ³æ›²,åœ¨çº¿ | æ–‡è¯­ | è¿éº¦ | ä¹°æ–­ä¸“å±,å±±ä¸œ,,åœ¨çº¿ | æ–‡è¯­ | è¿éº¦ | ä¹°æ–­ä¸“å±,,,/static/images/47/women.png,é”¦é²¤ä½“è´¨ğŸ¤æ—ºå¤« | å†›æ‹ | é‡‘é“²é“²ç‹è€… | å›¾æœ¬ | ä¹°æ–­è¿ç¡,,http://cos.duopei.feiniaowangluo.com/47/clerk/1686020825354oorms74B5E.mp3,æ©˜è‰²ç¯ç½©,2023-08-03 11:26:38,2023-08-03 03:26:37,http://8mukjha763.duopei-m.99c99c.com/clerk/detail/87202,2,2,http://8mukjha763.duopei-m.99c99c.com
100,http://cos.duopei.feiniaowangluo.com/47/clerk/1687354976855nHkIijsw0B.jpg?imageView2/1/w/200/h/200,,/static/images/47/6.png,,è¾°è¾°ç†¬å¤œå† å†›,åœ¨çº¿ | æ–‡è¯­ | è¿éº¦ | ä¹°æ–­ä¸“å±,é™•è¥¿,,åœ¨çº¿ | æ–‡è¯­ | è¿éº¦ | ä¹°æ–­ä¸“å±,,,/static/images/47/women.png,æ„Ÿè§‰è‡³ä¸Š | æ²»æ„ˆç³»ç¾å°‘å¥³ | æ°¸è¿œçœŸè¯šğŸ’ğŸ’ | å¹¸è¿buffâ•â•,,http://cos.duopei.feiniaowangluo.com/47/clerk/1677835243607Ofk2qBMhTJ.mp3,æ©˜è‰²ç¯ç½©,2023-08-03 11:26:38,2023-08-03 03:26:37,http://8mukjha763.duopei-m.99c99c.com/clerk/detail/80269,3,3,http://8mukjha763.duopei-m.99c99c.com
24,http://cos.duopei.feiniaowangluo.com/47/clerk/1690815154225uAAkLFMfW3.jpg?imageView2/1/w/200/h/200,,/static/images/47/6.png,,å°é£ä¾ ,åœ¨çº¿ | æ–‡è¯­ | è¿éº¦ | ä¹°æ–­ä¸“å±,åŒ—äº¬,,åœ¨çº¿ | æ–‡è¯­ | è¿éº¦ | ä¹°æ–­ä¸“å±,,,/static/images/47/women.png,å°çŒ« | è¶Šè¢«çˆ±è¶Šå¬è¯ | å‹¾æ‰‹ | è¿‡æ¥,,http://cos.duopei.feiniaowangluo.com/47/clerk/1687102883563em3cK2LJ8Z.mp3,æ©˜è‰²ç¯ç½©,2023-08-03 11:26:39,2023-08-03 03:26:37,http://8mukjha763.duopei-m.99c99c.com/clerk/detail/100568,4,4,http://8mukjha763.duopei-m.99c99c.com
99,http://cos.duopei.feiniaowangluo.com/105/clerk/1689524375468ISpY4T8osr.jpg?imageView2/1/w/200/h/200,,/static/images/105/4.png,,å¾®å¾®,â—åœ¨çº¿â—è¯­éŸ³è¿éº¦â—æ¸¸æˆé™ªç©,,""" å¾®å¾®ä¸€ç¬‘ï¼Œå¥ˆä½•å€¾åŸã€‚
é™Œä¸ŠèŠ±å¼€ï¼Œå¯ç¼“ç¼“å½’çŸ£ã€‚ """,â—åœ¨çº¿â—è¯­éŸ³è¿éº¦â—æ¸¸æˆé™ªç©,,,/static/images/25/sex2-icon.png,,æµªæ¼«ç”œå¾¡â£ï¸|é»äººä½“è´¨â£ï¸|æ¸©æŸ”å°‘å¥³â£ï¸|ç²¤è¯­è¯¾å ‚â£ï¸|èŒæ–°æ±‚å® â£ï¸,http://cos.duopei.feiniaowangluo.com/105/clerk/1689764801232Pd18uhvamw.mp3,æ¸…æ¬¢æ ‘æ´,2023-08-03 11:26:39,2023-08-03 03:26:39,http://9uybjxsbfh.duopei-m.manongnet.cn/clerk/detail/96201?itemCategoryId,0,0,http://9uybjxsbfh.duopei-m.manongnet.cn
22,http://cos.duopei.feiniaowangluo.com/105/clerk/1690968863431xxlRHp5bcV.jpg?imageView2/1/w/200/h/200,,/static/images/105/3.png,,æˆˆè–‡ğŸ§,â—åœ¨çº¿,,""" æ²¡æœ‰æ„ä¹‰çš„æƒ…ç»ªå°±å¸¦ä¸Šè€³æœºï¼Œå°±åƒæ˜¯å¿ƒè·³å¬åˆ°äº†åˆå¥ã€‚ """,â—åœ¨çº¿,,,/static/images/25/sex2-icon.png,,å­¦å§Style-|æ—¥ç³»å°‘å¥³é£|çˆ±å¥½JK|-ç”œå¾¡ğŸ¥€-|-æ¥è€…éœ€è¯šâ€”,http://cos.duopei.feiniaowangluo.com/105/clerk/1690641406520TPcrExcCuf.mp3,æ¸…æ¬¢æ ‘æ´,2023-08-03 11:26:40,2023-08-03 03:26:39,http://9uybjxsbfh.duopei-m.manongnet.cn/clerk/detail/33628?itemCategoryId,1,1,http://9uybjxsbfh.duopei-m.manongnet.cn
25,http://cos.duopei.feiniaowangluo.com/105/clerk/1690189557594A1jMI94Q1F.jpg?imageView2/1/w/200/h/200,,/static/images/105/3.png,,å¥³å¸,â—åœ¨çº¿â—è¯­éŸ³è¿éº¦,,""" ä¹–ä¹– ä½ çš„å¿ƒä¹Ÿåƒå˜´å”‡ä¸€æ ·è½¯å— (æ‰“èµé—ªç°) """,â—åœ¨çº¿â—è¯­éŸ³è¿éº¦,,,/static/images/25/sex2-icon.png,,æ¬²ï½çŒ« â–ª|é™æ—¶æ¸©æŸ”â–ª|çœŸè¯šä¼˜å…ˆâ–ª|å‘ç–¯å¾¡å§â–ª|è§’è‰²äº’æ¢â–ª,http://cos.duopei.feiniaowangluo.com/105/clerk/1690189992490zQOaTuqcTY.mp3,æ¸…æ¬¢æ ‘æ´,2023-08-03 11:26:41,2023-08-03 03:26:39,http://9uybjxsbfh.duopei-m.manongnet.cn/clerk/detail/72085?itemCategoryId,2,2,http://9uybjxsbfh.duopei-m.manongnet.cn
99,http://cos.duopei.feiniaowangluo.com/105/clerk/16905163788091WDNEYQsoZ.jpg?imageView2/1/w/200/h/200,,/static/images/105/2.png,,ç”œç”œåœˆ,â—åœ¨çº¿â—è¯­éŸ³è¿éº¦â—æ¸¸æˆé™ªç©,,""" æˆ‘åœ¨ç­‰ï¼Œå”¯ä¸€å¥‘åˆçš„çµé­‚ """,â—åœ¨çº¿â—è¯­éŸ³è¿éº¦â—æ¸¸æˆé™ªç©,,,/static/images/25/sex2-icon.png,,æ²»æ„ˆç³»|ç²˜äººè¯å¨|æƒ…æ„Ÿç –å®¶|çº¯çˆ±é€‰æ‰‹|æ°¸è¿œçœŸè¯š,http://cos.duopei.feiniaowangluo.com/105/clerk/1688135260027nGKPMy9v5Y.mp3,æ¸…æ¬¢æ ‘æ´,2023-08-03 11:26:41,2023-08-03 03:26:39,http://9uybjxsbfh.duopei-m.manongnet.cn/clerk/detail/91176?itemCategoryId,3,3,http://9uybjxsbfh.duopei-m.manongnet.cn
26,http://cos.duopei.feiniaowangluo.com/105/clerk/1689593419528kYHccZRyD5.jpg?imageView2/1/w/200/h/200,,/static/images/105/2.png,,å¿ƒï¼ˆå”èµšç‹—ç²®ç‰ˆï¼‰,â—åœ¨çº¿,,""" é‡è§ä¾¿æ˜¯ç¼˜ """,â—åœ¨çº¿,,,/static/images/25/sex1-icon.png,,é’å”æ¸©æŸ”|å¤§å”éœ¸æ°”|çˆ¹ç³»ç‹¼ç³»|è¯»æ–‡å“„ç¡|ç‹è€…é“²é“²,http://cos.duopei.feiniaowangluo.com/105/clerk/apply/1689593306144ktD4WTITU8.mp3,æ¸…æ¬¢æ ‘æ´,2023-08-03 11:26:42,2023-08-03 03:26:39,http://9uybjxsbfh.duopei-m.manongnet.cn/clerk/detail/106934?itemCategoryId,4,4,http://9uybjxsbfh.duopei-m.manongnet.cn
100,http://cos.duopei.feiniaowangluo.com/183/clerk/apply/1654777402372C2Vvttd55J.png?imageView2/1/w/200/h/200,åº—é•¿,,,åº—é•¿ï¼ˆå’¨è¯¢æŠ•è¯‰â•vï¼‰,â—åœ¨çº¿,åŒ—äº¬,,ä¹°æ–­,,,/static/images/default/free/sex2.png,,ç»¿è‰²èŠå¤©|æ‹’ç»ä½ä¿—|æ— ç†æŠ•è¯‰ä¸æ¥|å…¬ä¼—å·æœ‰åº—é•¿v|å…¬ä¼—å·å¯ä»¥ç›´æ¥ç•™è¨€,http://cos.duopei.feiniaowangluo.com/183/clerk/16600636939563DPdNrkqrT.mp3,ä»Šå¤©å–é…¸å¥¶,2023-08-03 11:26:48,2023-08-03 03:26:48,http://exjomkwuav.duopei-m.manongnet.cn/clerk/detail/41498?itemCategoryId&VNK=432f8b4f,0,0,http://exjomkwuav.duopei-m.manongnet.cn
99,http://cos.duopei.feiniaowangluo.com/183/clerk/1690307496146fVi8t7AzMC.jpg?imageView2/1/w/200/h/200,é”¦é²¤,,,æ©˜å­æ±½æ°´ğŸŠ,â—åœ¨çº¿,æµ™æ±Ÿ,,æ–‡å­—è¯­éŸ³æ¡|ä¹°æ–­,,,/static/images/default/free/sex2.png,,æ‹çˆ±è„‘å¯æ‹èµ°|ç™¾å˜å°ç”œå¿ƒ|æ¸©æŸ”åˆé»äºº|å•èº«å¯æ’©æ±‚è„±å•|ä¹°æ–­æœ‰æƒŠå–œ,http://cos.duopei.feiniaowangluo.com/183/clerk/apply/1666010837425a1pOhsdXxh.mp3,ä»Šå¤©å–é…¸å¥¶,2023-08-03 11:26:48,2023-08-03 03:26:48,http://exjomkwuav.duopei-m.manongnet.cn/clerk/detail/61892?itemCategoryId&VNK=f7fd7272,1,1,http://exjomkwuav.duopei-m.manongnet.cn
24,http://cos.duopei.feiniaowangluo.com/183/clerk/16659402926445Kp2xhahUV.jpg?imageView2/1/w/200/h/200,é”¦é²¤,,,ä¸€é¢—å°è±†ä¸,â—åœ¨çº¿,å››å·,,æ–‡å­—è¯­éŸ³æ¡|è¯­éŸ³è¿éº¦|ä¹°æ–­,,,/static/images/default/free/sex2.png,,æƒ…ç»ªæ ‘æ´|æ¸©æŸ”|ç²˜äºº|ç­‰ä½ å¸¦èµ°å‘€,http://cos.duopei.feiniaowangluo.com/183/clerk/16546120280420XJN9IL98t.mp3,ä»Šå¤©å–é…¸å¥¶,2023-08-03 11:26:49,2023-08-03 03:26:48,http://exjomkwuav.duopei-m.manongnet.cn/clerk/detail/41178?itemCategoryId&VNK=3d3fa527,2,2,http://exjomkwuav.duopei-m.manongnet.cn
99,http://cos.duopei.feiniaowangluo.com/183/clerk/16816631860242Jb5GqUQYE.jpg?imageView2/1/w/200/h/200,é¦–å¸­,,,Êšé±¼ä¸ƒä¸ƒÉ,â—åœ¨çº¿,å¹¿ä¸œ,,ä¹°æ–­,,,/static/images/default/free/sex2.png,,å•èº«|æ¸©æŸ”|å¯çˆ±|æ‹çˆ±è„‘|æ¸¸æˆå°èƒ½æ‰‹,http://cos.duopei.feiniaowangluo.com/183/clerk/1681700032329oIiIZqQwiT.mp3,ä»Šå¤©å–é…¸å¥¶,2023-08-03 11:26:49,2023-08-03 03:26:48,http://exjomkwuav.duopei-m.manongnet.cn/clerk/detail/67935?itemCategoryId&VNK=d103133a,3,3,http://exjomkwuav.duopei-m.manongnet.cn
52,http://cos.duopei.feiniaowangluo.com/183/clerk/1690127955735G82mlsrnE1.jpg?imageView2/1/w/200/h/200,é¦–å¸­,,,å¨‡å¨‡,â—åœ¨çº¿,æµ™æ±Ÿ,,æ–‡å­—è¯­éŸ³æ¡|è¯­éŸ³è¿éº¦|ä¹°æ–­|æ¸¸æˆé™ªç©|å«é†’|å”±æ­Œ|å“„ç¡,,,/static/images/default/free/sex2.png,,æ‹¥å†›å¥³å‹|ç…§ç‰‡æœ¬äººé€è§†é¢‘|æ’’å¨‡ç²˜äººæ‹çˆ±è„‘|å•èº«å¥½æ‹å¯å¥”ç°|æŒ‡å®šæœ‰æƒŠå–œ,http://cos.duopei.feiniaowangluo.com/183/clerk/1687533695287ZNPKoLMZnN.mp3,ä»Šå¤©å–é…¸å¥¶,2023-08-03 11:26:49,2023-08-03 03:26:48,http://exjomkwuav.duopei-m.manongnet.cn/clerk/detail/92442?itemCategoryId&VNK=54b4b802,4,4,http://exjomkwuav.duopei-m.manongnet.cn
18,http://cos.duopei.top/1199/clerk/1685972802677lMfLXemghR.jpg?imageView2/1/w/200/h/200,,http://cos.duopei.feiniaowangluo.com/1199/shop/ui/clerkGrade/1688467977214v01lgrv9UP.png,,å®¢æœ2å·åœ¨çº¿è”ç³»,â—åœ¨çº¿,åŒ—äº¬,,è™šæ‹Ÿæ‹äºº|æ¸¸æˆé™ªç©|è¿éº¦|å“„ç¡|å«é†’|æ¢æƒ…ä¾£å¤´åƒ|ä¹°æ–­ä¸“å±|è§†é¢‘å•,,,/static/images/default/free/sex2.png,,ç›¸å†Œæ˜¯å®¢æœå¾®ä¿¡,http://cos.duopei.top/1199/clerk/1686643244234zxpNzuMsge.mp3,æŸ æª¬æ‹äºº,2023-08-03 11:26:54,2023-08-03 03:26:54,http://bisevslwz1.duopei-m.manongnet.cn/clerk/detail/91711?itemCategoryId&VNK=545d9da2,0,0,http://bisevslwz1.duopei-m.manongnet.cn
22,http://cos.duopei.top/1199/clerk/1686386910678Yv9sbtbNix.jpg?imageView2/1/w/200/h/200,,http://cos.duopei.feiniaowangluo.com/1199/shop/ui/clerkGrade/1688467991102YhG2m0YZr2.png,,æŸ å®,â—åœ¨çº¿,ä¸Šæµ·,,è™šæ‹Ÿæ‹äºº|ä¹°æ–­ä¸“å±,,,/static/images/default/free/sex2.png,,æ¡ƒæ¡ƒå¿ƒåŠ¨ğŸ”¥|æè‡´ä½“éªŒğŸ»|å® ç‰©è®­å¯¼ğŸ”|ç­‰ä½ æŒ‡å®šğŸŒ,http://cos.duopei.top/1199/clerk/16852220031600CdRPAz5hw.mp3,æŸ æª¬æ‹äºº,2023-08-03 11:26:55,2023-08-03 03:26:54,http://bisevslwz1.duopei-m.manongnet.cn/clerk/detail/59775?itemCategoryId&VNK=acc0ef38,1,1,http://bisevslwz1.duopei-m.manongnet.cn
20,http://cos.duopei.top/1199/clerk/1685130102314Jdr1nVCzec.jpg?imageView2/1/w/200/h/200,,http://cos.duopei.feiniaowangluo.com/1199/shop/ui/clerkGrade/1688467987985GJnFcjJGEA.png,,åŒ—åŒ—,â—åœ¨çº¿,æ¹–åŒ—,,è™šæ‹Ÿæ‹äºº|æ¢æƒ…ä¾£å¤´åƒ|ä¹°æ–­ä¸“å±,,,/static/images/default/free/sex1.png,,èº«é«˜190|æ¸¸æˆå¤©æ‰|æ¸©æŸ”å¸…å“¥|ä½“è‚²ç¥|çº¯çˆ±æˆ˜å£«,http://cos.duopei.top/1199/clerk/1685192238473Cglqke6DOc.mp3,æŸ æª¬æ‹äºº,2023-08-03 11:26:55,2023-08-03 03:26:54,http://bisevslwz1.duopei-m.manongnet.cn/clerk/detail/96180?itemCategoryId&VNK=26c8890f,2,2,http://bisevslwz1.duopei-m.manongnet.cn
23,http://cos.duopei.top/1199/clerk/1686402838318I4Km0kgISP.jpg?imageView2/1/w/200/h/200,,http://cos.duopei.feiniaowangluo.com/1199/shop/ui/clerkGrade/1688467984300sC8yHsYGM4.png,,èæ‹‰,â—åœ¨çº¿,æµ™æ±Ÿ,,è™šæ‹Ÿæ‹äºº|ä¹°æ–­ä¸“å±,,,/static/images/default/free/sex2.png,,åå¤ç±ç¾äººğŸ”¥|å¿ƒçµæ ‘æ´å£ğŸ”¥|è¯å” ç¬¬ä¸€åğŸ”¥|ä¹…åœä¸ä¸‹æ¥ğŸ”¥,http://cos.duopei.top/1199/clerk/1686402505275x04QB8sSPY.mp3,æŸ æª¬æ‹äºº,2023-08-03 11:26:56,2023-08-03 03:26:54,http://bisevslwz1.duopei-m.manongnet.cn/clerk/detail/98609?itemCategoryId&VNK=d1d7a8ef,3,3,http://bisevslwz1.duopei-m.manongnet.cn
24,http://cos.duopei.top/1199/clerk/1686373782018tSPwkPysE1.jpg?imageView2/1/w/200/h/200,,http://cos.duopei.feiniaowangluo.com/1199/shop/ui/clerkGrade/1688467984300sC8yHsYGM4.png,,å°ä¸ƒ,â—åœ¨çº¿,æ¹–åŒ—,,è™šæ‹Ÿæ‹äºº|ä¹°æ–­ä¸“å±,,,/static/images/default/free/sex2.png,,è½»æ’©æ…¢æŠš|èå¾¡åŒä¿®|ä½ çš„å¤œé—´ç”œç‚¹|æ·±å¤œé™å®š,http://cos.duopei.top/1199/clerk/1686373883712u2K0VEet5X.mp3,æŸ æª¬æ‹äºº,2023-08-03 11:26:56,2023-08-03 03:26:54,http://bisevslwz1.duopei-m.manongnet.cn/clerk/detail/98615?itemCategoryId&VNK=f9ae74f9,4,4,http://bisevslwz1.duopei-m.manongnet.cn
,http://cos.duopei.feiniaowangluo.com/34/clerk/1630761251946SbPahXSx9P.jpeg?imageView2/1/w/200/h/200,,/static/images/34/7.png,,åº—é•¿ï¼ˆæŠ•è¯‰+*ï¼‰,åœ¨çº¿,æ¹–å—,,åœ¨çº¿,,"color: rgb(255, 152, 152);",,ç»¿è‰²èŠå¤© | æ‹’ç»ä½ä¿— | æ— ç†æŠ•è¯‰ä¸æ¥å¾… | é—²èŠå‹¿ä¸‹,,http://cos.duopei.feiniaowangluo.com/34/clerk/16308016636934GpDaN3h77.mp3,å¤æ—¥å°é‡çŒ«,2023-08-03 11:26:57,2023-08-03 03:26:56,http://xoddwpia4h.duopei-m.xiaoyemaovip.com/clerk/detail/4069,0,0,http://xoddwpia4h.duopei-m.xiaoyemaovip.com
20,http://cos.duopei.feiniaowangluo.com/34/clerk/1690961035230ypTWNNZ6DI.jpg?imageView2/1/w/200/h/200,,/static/images/34/6.png,,å¹æ³¡æ³¡,åœ¨çº¿ | csgo,æ±Ÿè‹,,åœ¨çº¿ | csgo,,"color: rgb(255, 152, 152);",,æƒ³é‡è§ä½ ğŸ’—å…±äº«å¿ƒåŠ¨æ—¶åˆ» | çœŸè¯šç›´çƒ | ä½ çš„ğŸ†—ç»· | èµ°è¿›ä½ çš„ç”Ÿæ´» | å¸¦æˆ‘èµ°,,http://cos.duopei.feiniaowangluo.com/34/clerk/16909048860542Jga9NzVjj.mp3,å¤æ—¥å°é‡çŒ«,2023-08-03 11:26:58,2023-08-03 03:26:56,http://xoddwpia4h.duopei-m.xiaoyemaovip.com/clerk/detail/98781,1,1,http://xoddwpia4h.duopei-m.xiaoyemaovip.com
30,http://cos.duopei.feiniaowangluo.com/34/clerk/apply/1687516581417Y69Y0BOxEX.jpg?imageView2/1/w/200/h/200,,/static/images/34/6.png,,ä¸–é“(æ¥å åœ),åœ¨çº¿,åŒ—äº¬,,åœ¨çº¿,,"color: rgb(145, 213, 252);",,å©šå§» | æ„Ÿæƒ… | äº‹ä¸š | è´¢è¿ | å­¦ä¸š | å¥åº·,,http://cos.duopei.feiniaowangluo.com/34/clerk/1687539225691G6I3w12YSb.mp3,å¤æ—¥å°é‡çŒ«,2023-08-03 11:26:59,2023-08-03 03:26:56,http://xoddwpia4h.duopei-m.xiaoyemaovip.com/clerk/detail/101682,2,2,http://xoddwpia4h.duopei-m.xiaoyemaovip.com
23,http://cos.duopei.feiniaowangluo.com/34/clerk/1690871798442ctcfCNEQmn.jpg?imageView2/1/w/200/h/200,,/static/images/34/5.png,,æ¥šé›¨å¯»ğŸ’å¯æ‹,åœ¨çº¿ | æ–‡è¯­ | æ‰‹æ¸¸ | ç‚¹æ­Œ | å“„ç¡ | å«é†’,åŒ—äº¬,,åœ¨çº¿ | æ–‡è¯­ | æ‰‹æ¸¸ | ç‚¹æ­Œ | å“„ç¡ | å«é†’,,"color: rgb(255, 152, 152);",,æ°¸è¿œçœŸå¿ƒ | æœŸå¾…ç›¸é‡ | æœ‰åˆ˜æµ·çš„ç”œå¦¹ğŸ’ | æ¸©æŸ”å¯çˆ± | æŒ‡å®šæœ‰ä¸“å± | ç½‘æ˜“äº‘,,http://cos.duopei.feiniaowangluo.com/34/clerk/1690844741532n9sNWC6VfV.mp3,å¤æ—¥å°é‡çŒ«,2023-08-03 11:27:00,2023-08-03 03:26:56,http://xoddwpia4h.duopei-m.xiaoyemaovip.com/clerk/detail/76773,3,3,http://xoddwpia4h.duopei-m.xiaoyemaovip.com
52,http://cos.duopei.feiniaowangluo.com/34/clerk/1687612128308YUu9X3kjS0.jpg?imageView2/1/w/200/h/200,,/static/images/34/5.png,,å’Œæ³‰çº±é›¾ğŸ“,åœ¨çº¿ | æ–‡è¯­ | è¿éº¦ | æ‰‹æ¸¸ | ç‚¹æ­Œ | å“„ç¡ | å«é†’,å¹¿ä¸œ,,åœ¨çº¿ | æ–‡è¯­ | è¿éº¦ | æ‰‹æ¸¸ | ç‚¹æ­Œ | å“„ç¡ | å«é†’,,"color: rgb(255, 152, 152);",,ğŸ‰‘ç”»ç¨¿ğŸ‰‘ç‹è€…ğŸ‰‘å“„ç¡ | æ–­æœˆé€€åº—ç‰ˆ | æŠ½è±¡è‰ºæœ¯å®¶ | æµªæ¼«çŒæ­»ä¸æ¸ | å·æƒ…æ»´æ»´,,http://cos.duopei.feiniaowangluo.com/34/clerk/1666092309052PacWZyV4kI.mp3,å¤æ—¥å°é‡çŒ«,2023-08-03 11:27:00,2023-08-03 03:26:56,http://xoddwpia4h.duopei-m.xiaoyemaovip.com/clerk/detail/9071,4,4,http://xoddwpia4h.duopei-m.xiaoyemaovip.com
99,http://cos.duopei.feiniaowangluo.com/180/clerk/1686741267840RvQ3irMgXT.jpg?imageView2/1/w/200/h/200,,/static/images/180/5.png,,è½¦å˜å­,åœ¨çº¿ | æ–‡å­—è¯­éŸ³æ¡ | è¿éº¦ | æ¸¸æˆé™ªç© | å“„ç¡ | ä¹°æ–­ | å«é†’ | ç‚¹æ­ŒæœåŠ¡ | æ¢æƒ…ä¾£å¤´åƒ | ç‹è€…è£è€€ä¸€å±€ | å’Œå¹³ç²¾è‹±ä¸€å±€ | è›‹ä»”æ´¾å¯¹ | é‡‘é“²é“²ä¹‹æˆ˜ | åŸç¥ | æ°¸åŠ«æ— é—´,ä¸Šæµ·,"""è·ç¦»ä½ 2.1kmåœ¨çº¿""",åœ¨çº¿ | æ–‡å­—è¯­éŸ³æ¡ | è¿éº¦ | æ¸¸æˆé™ªç© | å“„ç¡ | ä¹°æ–­ | å«é†’ | ç‚¹æ­ŒæœåŠ¡ | æ¢æƒ…ä¾£å¤´åƒ | ç‹è€…è£è€€ä¸€å±€ | å’Œå¹³ç²¾è‹±ä¸€å±€ | è›‹ä»”æ´¾å¯¹ | é‡‘é“²é“²ä¹‹æˆ˜ | åŸç¥ | æ°¸åŠ«æ— é—´,,,/static/images/180/sex2.png,,ç•™å­¦ç”Ÿâœˆï¸|ç•™å­¦ç”Ÿâœˆï¸|ç»ä¸–ç¾å¥³|ç»ä¸–ç¾å¥³|æ¸…çº¯å¥³å¤§å­¦ç”Ÿ|æ¸…çº¯å¥³å¤§å­¦ç”Ÿ|ç”œç”œçš„æ‹çˆ±|ç”œç”œçš„æ‹çˆ±|çº¯çˆ±|çº¯çˆ±,http://cos.duopei.feiniaowangluo.com/180/clerk/1687718707720l6Y6RdZSWj.mp3,è€³è¾¹èœœè¯­,2023-08-03 11:27:06,2023-08-03 03:27:05,http://p54yt8ccje.duopei-m.manongnet.cn/clerk/detail/96063?itemCategoryId,0,0,http://p54yt8ccje.duopei-m.manongnet.cn
99,http://cos.duopei.feiniaowangluo.com/180/clerk/1688568570725cza8D0pW74.jpg?imageView2/1/w/200/h/200,,/static/images/180/5.png,,ä¸€åªåŠ è²çŒ«,åœ¨çº¿ | ä¹°æ–­ | è§†é¢‘èŠå¤©,ä¸Šæµ·,"""çˆ±æ²¡æœ‰æŠ€å·§  çœŸè¯šæ‰æ˜¯å¿…æ€æŠ€""",åœ¨çº¿ | ä¹°æ–­ | è§†é¢‘èŠå¤©,,,/static/images/180/sex2.png,,é«˜ä»·ç®—å‘½|é«˜ä»·ç®—å‘½|è‡ªå¾‹å¥èº«å°‘å¥³|è‡ªå¾‹å¥èº«å°‘å¥³|éº»è¡£å­¦å§|éº»è¡£å­¦å§|ä½“éªŒåå·®|ä½“éªŒåå·®,http://cos.duopei.feiniaowangluo.com/180/clerk/1689939982654Jp9R80jj38.mp3,è€³è¾¹èœœè¯­,2023-08-03 11:27:06,2023-08-03 03:27:05,http://p54yt8ccje.duopei-m.manongnet.cn/clerk/detail/89493?itemCategoryId,1,1,http://p54yt8ccje.duopei-m.manongnet.cn
23,http://cos.duopei.feiniaowangluo.com/180/clerk/1689844102770a7EbVV2OzD.jpg?imageView2/1/w/200/h/200,,/static/images/180/5.png,,è½,åœ¨çº¿ | ä¹°æ–­,æ¹–åŒ—,"""æœ‰ä½ ï¼è¶³çŸ£""",åœ¨çº¿ | ä¹°æ–­,,,/static/images/180/sex2.png,,å¾¡å§|å¾¡å§|ä½ çš„å°å¯çˆ±|ä½ çš„å°å¯çˆ±|BiuğŸª¸|BiuğŸª¸|å¸¦æˆ‘å›å®¶ğŸ’|å¸¦æˆ‘å›å®¶ğŸ’,http://cos.duopei.feiniaowangluo.com/180/clerk/1677008593777pWJxQSvdi7.mp3,è€³è¾¹èœœè¯­,2023-08-03 11:27:07,2023-08-03 03:27:05,http://p54yt8ccje.duopei-m.manongnet.cn/clerk/detail/44350?itemCategoryId,2,2,http://p54yt8ccje.duopei-m.manongnet.cn
20,http://cos.duopei.feiniaowangluo.com/180/clerk/16908947494706XTPStTjZj.jpg?imageView2/1/w/200/h/200,,/static/images/180/4.png,,è¼è¼ï¼ˆè®¸æ„¿åŒ…æœˆï¼‰,åœ¨çº¿ | æ–‡å­—è¯­éŸ³æ¡ | è¿éº¦ | æ¸¸æˆé™ªç© | å“„ç¡ | ä¹°æ–­ | å«é†’ | ç‚¹æ­ŒæœåŠ¡ | æ¢æƒ…ä¾£å¤´åƒ | ç‹è€…è£è€€ä¸€å±€ | å’Œå¹³ç²¾è‹±ä¸€å±€,è¾½å®,"""åˆ«ç°å¿ƒï¼Œæ™®æ™®é€šé€šçš„ä½ ä¹Ÿå€¼å¾—ä¸‡èˆ¬å® æºº""",åœ¨çº¿ | æ–‡å­—è¯­éŸ³æ¡ | è¿éº¦ | æ¸¸æˆé™ªç© | å“„ç¡ | ä¹°æ–­ | å«é†’ | ç‚¹æ­ŒæœåŠ¡ | æ¢æƒ…ä¾£å¤´åƒ | ç‹è€…è£è€€ä¸€å±€ | å’Œå¹³ç²¾è‹±ä¸€å±€,,,/static/images/180/sex2.png,,å¤çµç²¾æ€ª|å¤çµç²¾æ€ª|å¯å¾¡å¯ç”œï¼|å¯å¾¡å¯ç”œï¼|å›¾æœ¬äºº|å›¾æœ¬äºº|æ¸¸æˆåŒåŒº|æ¸¸æˆåŒåŒº|å¥³å¤§~|å¥³å¤§~,http://cos.duopei.feiniaowangluo.com/180/clerk/1689139108184MJ5xx3vr98.mp3,è€³è¾¹èœœè¯­,2023-08-03 11:27:08,2023-08-03 03:27:05,http://p54yt8ccje.duopei-m.manongnet.cn/clerk/detail/105205?itemCategoryId,3,3,http://p54yt8ccje.duopei-m.manongnet.cn
99,http://cos.duopei.feiniaowangluo.com/180/clerk/1690853197724aReVobqV66.jpg?imageView2/1/w/200/h/200,,/static/images/180/4.png,,æ©˜å­æµ·,åœ¨çº¿ | æ–‡å­—è¯­éŸ³æ¡ | ä¹°æ–­ | å«é†’ | ç‚¹æ­ŒæœåŠ¡ | è›‹ä»”æ´¾å¯¹ | é‡‘é“²é“²ä¹‹æˆ˜,æ±Ÿè‹,"""è½æ—¥æ²‰æººäºæ©˜è‰²çš„æµ·ğŸŒ…ï¼ˆè®¸æ„¿æŒ‡å®šï¼‰""",åœ¨çº¿ | æ–‡å­—è¯­éŸ³æ¡ | ä¹°æ–­ | å«é†’ | ç‚¹æ­ŒæœåŠ¡ | è›‹ä»”æ´¾å¯¹ | é‡‘é“²é“²ä¹‹æˆ˜,,,/static/images/180/sex2.png,,å¹¸è¿å½—æ˜ŸğŸŒ |å¹¸è¿å½—æ˜ŸğŸŒ |éé‡‘ç«ç‘°ğŸ§Š|éé‡‘ç«ç‘°ğŸ§Š|å¼€å¿ƒå°å¸‚æ°‘ğŸŒˆ|å¼€å¿ƒå°å¸‚æ°‘ğŸŒˆ|å›¾æœ¬ğŸ‰‘ï¸è§†|å›¾æœ¬ğŸ‰‘ï¸è§†,http://cos.duopei.feiniaowangluo.com/180/clerk/16907053894040xgGzH5Ddg.mp3,è€³è¾¹èœœè¯­,2023-08-03 11:27:08,2023-08-03 03:27:05,http://p54yt8ccje.duopei-m.manongnet.cn/clerk/detail/94800?itemCategoryId,4,4,http://p54yt8ccje.duopei-m.manongnet.cn
26,http://cos.duopei.feiniaowangluo.com/1391/clerk/1690945006049DDePFhL3sk.jpg?imageView2/1/w/200/h/200,,/static/images/1112/sex2.png,,éº¤éº¤ğŸ’•,åœ¨çº¿|è¯­éŸ³è¿éº¦|æ¸¸æˆé™ªç©,,â€œğŸ’«å¸Œæœ›æˆ‘ä»¬éƒ½æ˜¯å½¼æ­¤ç”Ÿæ´»ä¸­æœ€åçš„é‚£ä½å¿ƒåŠ¨å˜‰å®¾â€,åœ¨çº¿|è¯­éŸ³è¿éº¦|æ¸¸æˆé™ªç©,,,/static/images/1112/sex2.png,âœ¨é«˜å†·çˆ±æ’©|âœ¨åå·®å¾¡å§|âœ¨å·¥ä½œç§˜ä¹¦|âœ¨å æœ‰æ¬²å¼º|âœ¨å‘¼å¸è¿ç¡,,http://cos.duopei.feiniaowangluo.com/1391/clerk/1690945534177Py70Cklt8e.mp3,æ—¶å…‰æ‹äºº,2023-08-03 11:27:11,2023-08-03 03:27:11,http://2dhwk9dteq.duopei-m.manongnet.cn/clerk/detail/79985?itemCategoryId&VNK=4ca8d031,0,0,http://2dhwk9dteq.duopei-m.manongnet.cn
22,http://cos.duopei.feiniaowangluo.com/1391/clerk/1690965666471q3ULJ8DuHq.jpg?imageView2/1/w/200/h/200,,/static/images/1112/sex2.png,,æ˜Ÿé‡,åœ¨çº¿|è¯­éŸ³è¿éº¦|æ¸¸æˆé™ªç©,,â€œæˆ‘ä»¬æœ¬æ¥æœ‰ä»¥åçš„â€,åœ¨çº¿|è¯­éŸ³è¿éº¦|æ¸¸æˆé™ªç©,,,/static/images/1112/sex2.png,å¾¡èåŒä¿®|æƒ…æ„Ÿé¡¾é—®|åŒæ’ä¼´ä¾£|å‘†å‘†å‚»å‚»|æ²»æ„ˆå®è—,,http://cos.duopei.feiniaowangluo.com/1391/clerk/1690177127415Mw3yTidbe6.mp3,æ—¶å…‰æ‹äºº,2023-08-03 11:27:12,2023-08-03 03:27:11,http://2dhwk9dteq.duopei-m.manongnet.cn/clerk/detail/99579?itemCategoryId&VNK=b2e3e9a2,1,1,http://2dhwk9dteq.duopei-m.manongnet.cn
20,http://cos.duopei.feiniaowangluo.com/1391/clerk/1689048120223pofPXa58bB.jpg?imageView2/1/w/200/h/200,,/static/images/1112/sex2.png,,æ˜åªš,åœ¨çº¿|è¯­éŸ³è¿éº¦|æ¸¸æˆé™ªç©,,â€œä¸æ˜¯ç½‘ä¸Šçš„ç”µå­æ‹äºº  æ˜¯è¿œåœ¨å¼‚åœ°çš„çˆ±å¦»â€,åœ¨çº¿|è¯­éŸ³è¿éº¦|æ¸¸æˆé™ªç©,,,/static/images/1112/sex2.png,çœ‹äººä¸‹èœ|ä¹Ÿä¼šæ‹¥æœ‰é²œèŠ±å’Œæœˆäº®|ç‰©ä»¥ç¨€ä¸ºè´µ|çˆ±ä»¥è¯šä¸ºä¹…|çŸ¥æ€§è§£è¯­èŠ±,,http://cos.duopei.feiniaowangluo.com/1391/clerk/1688919131641KySopfvekb.mp3,æ—¶å…‰æ‹äºº,2023-08-03 11:27:13,2023-08-03 03:27:11,http://2dhwk9dteq.duopei-m.manongnet.cn/clerk/detail/96787?itemCategoryId&VNK=9af62313,2,2,http://2dhwk9dteq.duopei-m.manongnet.cn
22,http://cos.duopei.feiniaowangluo.com/1391/clerk/1690103069285AHYJFzZq9f.jpg?imageView2/1/w/200/h/200,,/static/images/1112/sex2.png,,è§£å¿§ğŸŒŸæ·±å¤œé…’é¦†,åœ¨çº¿|è¯­éŸ³è¿éº¦|æ¸¸æˆé™ªç©,,â€œæˆ‘å¿§ä½ æ‰€å¿§ï¼Œçˆ±ä½ æ‰€çˆ±â€,åœ¨çº¿|è¯­éŸ³è¿éº¦|æ¸¸æˆé™ªç©,,,/static/images/1112/sex2.png,ç²¾ç¥ç››å®´|ä¸»åŠ¨ä¸Šé’©|å¿ƒç†å­¦ä¸“ä¸š|æˆ‘åªçœ‹ä½ ä¸€äºº,,http://cos.duopei.feiniaowangluo.com/1391/clerk/1690715888863zeVvuwYBeB.mp3,æ—¶å…‰æ‹äºº,2023-08-03 11:27:14,2023-08-03 03:27:11,http://2dhwk9dteq.duopei-m.manongnet.cn/clerk/detail/108575?itemCategoryId&VNK=058941e5,3,3,http://2dhwk9dteq.duopei-m.manongnet.cn
19,http://cos.duopei.feiniaowangluo.com/1391/clerk/1688566464181bwMW41MPSx.jpg?imageView2/1/w/200/h/200,,/static/images/1112/sex2.png,,æŒ½æŒ½ğŸ”¥,åœ¨çº¿|è¯­éŸ³è¿éº¦|æ¸¸æˆé™ªç©,,â€œå’Œä½ ç”œç”œçš„ä¸€å¤©è¿Ÿåˆ°å¥½ä¹…äº†ï¼Œæ€ä¹ˆè¿˜æ²¡æ¥æ‰¾æˆ‘å“‡ğŸ¥¹â€,åœ¨çº¿|è¯­éŸ³è¿éº¦|æ¸¸æˆé™ªç©,,,/static/images/1112/sex2.png,å¥³å¤§å­¦ç”Ÿè´´è´´âœ¨|æ¸©æŸ”ç”œå¦¹ğŸ’“|è¯å¤šçœŸè¯šğŸ¥°|æƒ³è¦æŒ‡å®šğŸˆ¯|è¦æŒ‡å®šï¼,,http://cos.duopei.feiniaowangluo.com/1391/clerk/16885717809110sei493hzQ.mp3,æ—¶å…‰æ‹äºº,2023-08-03 11:27:14,2023-08-03 03:27:11,http://2dhwk9dteq.duopei-m.manongnet.cn/clerk/detail/90273?itemCategoryId&VNK=ab2c289c,4,4,http://2dhwk9dteq.duopei-m.manongnet.cn
99,http://cos.duopei.feiniaowangluo.com/106/clerk/1688974861073nYtWlYluuZ.jpg?imageView2/1/w/200/h/200,,/static/images/47/women.png,,é¹¤æ¢¦,åœ¨çº¿ | æ–‡è¯­ | è¿éº¦ | ä¹°æ–­ä¸“å±,å¹¿ä¸œ,,åœ¨çº¿ | æ–‡è¯­ | è¿éº¦ | ä¹°æ–­ä¸“å±,,,/static/images/47/women.png,åå·®å¾¡å§ | å¯ç›å¯ç”œ | è®¸æ„¿ä¹°æ–­,,http://cos.duopei.feiniaowangluo.com/106/clerk/1676636500921Jvo7ojSbri.mp3,ç¯ç«é˜‘çŠå¤„,2023-08-03 11:27:14,2023-08-03 03:27:14,http://dfbviostem.duopei-m.99c99c.com/clerk/detail/72844,0,0,http://dfbviostem.duopei-m.99c99c.com
23,http://cos.duopei.feiniaowangluo.com/106/clerk/1688742710650pEAfG6N12a.jpg?imageView2/1/w/200/h/200,,/static/images/47/women.png,,ç«é¡µ,åœ¨çº¿ | æ–‡è¯­ | è¿éº¦ | ä¹°æ–­ä¸“å±,æµ™æ±Ÿ,,åœ¨çº¿ | æ–‡è¯­ | è¿éº¦ | ä¹°æ–­ä¸“å±,,,/static/images/47/women.png,ç¬¨ç¬¨æœæ±ä¾›åº”å•† | çœŸè¯šçš„ç¢ç¢å¿µ | æ©˜å­ä¸æ˜¯å”¯ä¸€çš„æ°´æœ | çˆ±ä¸å æœ‰ | ä¸è¢«å æœ‰,,http://cos.duopei.feiniaowangluo.com/106/clerk/16742718219743F6X1Xdpr0.mp3,ç¯ç«é˜‘çŠå¤„,2023-08-03 11:27:15,2023-08-03 03:27:14,http://dfbviostem.duopei-m.99c99c.com/clerk/detail/67958,1,1,http://dfbviostem.duopei-m.99c99c.com
99,http://cos.duopei.feiniaowangluo.com/106/clerk/1680777031143HAjGfJbUpg.jpg?imageView2/1/w/200/h/200,,/static/images/47/women.png,,æ¡‘æ¡‘,åœ¨çº¿ | ä¹°æ–­ä¸“å±,æ²³å—,,åœ¨çº¿ | ä¹°æ–­ä¸“å±,,,/static/images/47/women.png,é“æ±‰æŸ”æƒ…å°¤ä¸ºåŠ¨äººğŸ’“ | æ‹›æ¡ƒèŠ± | å¯¹ä¸»åŠ¨çš„ä½ æ»¡æ€€æœŸå¾… | çœŸè¯šç›¸å¾… | è½¬è¿å¥³å­©,,http://cos.duopei.feiniaowangluo.com/106/clerk/1686393315556QEWAQP93sS.mp3,ç¯ç«é˜‘çŠå¤„,2023-08-03 11:27:16,2023-08-03 03:27:14,http://dfbviostem.duopei-m.99c99c.com/clerk/detail/64519,2,2,http://dfbviostem.duopei-m.99c99c.com
66,http://cos.duopei.feiniaowangluo.com/106/clerk/1676084203811X4ueZt7g19.jpg?imageView2/1/w/200/h/200,,/static/images/47/women.png,,é¸¢ç¾½,åœ¨çº¿ | æ–‡è¯­ | è¿éº¦ | ä¹°æ–­ä¸“å±,å±±è¥¿,,åœ¨çº¿ | æ–‡è¯­ | è¿éº¦ | ä¹°æ–­ä¸“å±,,,/static/images/47/women.png,ä¼šèƒŒä¹ä¹ä¹˜æ³•è¡¨ | ä¸€å¤©å¯ä»¥åƒä¸‰é¡¿ | ä¸‹é›¨çŸ¥é“å¾€å®¶è·‘,,http://cos.duopei.feiniaowangluo.com/106/clerk/apply/1676013967504JJS1nA1ZcO.mp3,ç¯ç«é˜‘çŠå¤„,2023-08-03 11:27:16,2023-08-03 03:27:14,http://dfbviostem.duopei-m.99c99c.com/clerk/detail/77650,3,3,http://dfbviostem.duopei-m.99c99c.com
20,http://cos.duopei.feiniaowangluo.com/106/clerk/1679477045851Bn7Of0sMuR.jpg?imageView2/1/w/200/h/200,,/static/images/47/women.png,,ä¹‹ç¦¾,åœ¨çº¿ | è¿éº¦ | ä¹°æ–­ä¸“å±,åŒ—äº¬,,åœ¨çº¿ | è¿éº¦ | ä¹°æ–­ä¸“å±,,,/static/images/47/women.png,å¥¶å¾¡åŒä¿® | ä¸Šçš„äº†å…å ‚ | ä¸‹ä¸äº†å¨æˆ¿ | æœºæ™º+æè‡´ | ä¼šç©æ™ºèƒ½æ‰‹æœº,,http://cos.duopei.feiniaowangluo.com/106/clerk/apply/1676015241865fv87XK4Z5g.mp3,ç¯ç«é˜‘çŠå¤„,2023-08-03 11:27:16,2023-08-03 03:27:14,http://dfbviostem.duopei-m.99c99c.com/clerk/detail/77645,4,4,http://dfbviostem.duopei-m.99c99c.com
25,http://cos.duopei.top/24/clerk/1685846568075ccWby1lhlE.jpg?imageView2/1/w/200/h/200,çŸ¥å¿ƒç”·ç¥,,,çŸ¥å¿ƒæ ‘æ´åº—é•¿,â—åœ¨çº¿,åŒ—äº¬,,,,,/static/images/default/free/sex1.png,,ä¸æ¥å•,http://cos.duopei.top/24/clerk/1685846743323SwtduiINfL.mp3,çŸ¥å¿ƒæ ‘æ´,2023-08-03 11:27:22,2023-08-03 03:27:22,http://tmopgz66ne.duopei-m.manongnet.cn/clerk/detail/74692?itemCategoryId&VNK=20348fdb,0,0,http://tmopgz66ne.duopei-m.manongnet.cn
23,http://cos.duopei.feiniaowangluo.com/24/clerk/1688793631137lDNWCqRMTY.jpg?imageView2/1/w/200/h/200,é‡‘ç‰Œ,,,ç­‰é›ª,â—åœ¨çº¿,å±±è¥¿,,è¯­éŸ³è¿éº¦|æ–‡è¯­,,,/static/images/default/free/sex1.png,,éšç¼˜æ¥å•,http://cos.duopei.feiniaowangluo.com/24/clerk/1682434532227oUoLxFyt1n.mp3,çŸ¥å¿ƒæ ‘æ´,2023-08-03 11:27:22,2023-08-03 03:27:22,http://tmopgz66ne.duopei-m.manongnet.cn/clerk/detail/91270?itemCategoryId&VNK=26ae6288,1,1,http://tmopgz66ne.duopei-m.manongnet.cn
20,http://cos.duopei.feiniaowangluo.com/24/clerk/1690700362364oQuEyVbvWP.jpg?imageView2/1/w/200/h/200,é‡‘ç‰Œ,,,æ©™å­,â—åœ¨çº¿,æµ·å¤–,,è¯­éŸ³è¿éº¦|æ–‡è¯­,,,/static/images/default/free/sex2.png,,æ²¡æœ‰å®‰å…¨æ„Ÿçš„å°å–µğŸ±|æœŸå¾…é•¿æœŸå›ºèŠå®ˆæŠ¤ğŸŒ¸|å½»å¤œé™ªä¼´|å¬è¯å®å®,http://cos.duopei.feiniaowangluo.com/24/clerk/1680966305540j8DUYWKy7X.mp3,çŸ¥å¿ƒæ ‘æ´,2023-08-03 11:27:23,2023-08-03 03:27:22,http://tmopgz66ne.duopei-m.manongnet.cn/clerk/detail/76859?itemCategoryId&VNK=82441104,2,2,http://tmopgz66ne.duopei-m.manongnet.cn
19,http://cos.duopei.feiniaowangluo.com/24/clerk/1688313913242l33MghrgJN.jpg?imageView2/1/w/200/h/200,é‡‘ç‰Œ,,,å››å¶è‰,â—åœ¨çº¿,å®‰å¾½,,è¯­éŸ³è¿éº¦|æ–‡è¯­,,,/static/images/default/free/sex2.png,,å¯ç”œå¯æ¬²â¤ï¸â€ğŸ”¥|æ·±å¤œç¦åˆ©ğŸ|åŒ…å¤©ğŸ‰‘å‘ç…§ç‰‡|ä¹°æ–­æœ‰æƒŠå–œğŸ’,http://cos.duopei.feiniaowangluo.com/24/clerk/apply/1688257051686DibbYq3QHG.mp3,çŸ¥å¿ƒæ ‘æ´,2023-08-03 11:27:24,2023-08-03 03:27:22,http://tmopgz66ne.duopei-m.manongnet.cn/clerk/detail/103428?itemCategoryId&VNK=ec8828ad,3,3,http://tmopgz66ne.duopei-m.manongnet.cn
20,http://cos.duopei.feiniaowangluo.com/24/clerk/apply/16887434011085ZJvnDvsNw.jpg?imageView2/1/w/200/h/200,é‡‘ç‰Œ,,,å¶åƒå¤,â—åœ¨çº¿,æ±Ÿè‹,,è¯­éŸ³è¿éº¦|æ–‡è¯­,,,/static/images/default/free/sex1.png,,å…¨å¤©æ–‡å­—|è¯­éŸ³å¤©èŠ±æ¿|å”±æ­Œ|æ½®æµ|æ€§ä»·æ¯”å¤©èŠ±æ¿,http://cos.duopei.feiniaowangluo.com/24/clerk/16893753643440gzySHVLDp.mp3,çŸ¥å¿ƒæ ‘æ´,2023-08-03 11:27:25,2023-08-03 03:27:22,http://tmopgz66ne.duopei-m.manongnet.cn/clerk/detail/105641?itemCategoryId&VNK=154a012e,4,4,http://tmopgz66ne.duopei-m.manongnet.cn
25,http://cos.duopei.feiniaowangluo.com/78/clerk/1678258821763cnAyjtpmau.jpg?imageView2/1/w/200/h/200,,/static/images/78/1.png,,åº—é•¿ï¼ˆç¥–å›½ä¸‡å²ï¼‰,å¯è¿éº¦|æ‰‹æ¸¸,åŒ—äº¬,,å¯è¿éº¦|æ‰‹æ¸¸,,,/static/images/25/sex1-icon.png,"ç»¿è‰²èŠå¤©|
                           æ‹’ç»ä½ä¿—|
                           æ€¥äº‹æ‰“èµ6.66å…ƒ",,http://cos.duopei.feiniaowangluo.com/78/clerk/1645947754537uy8WzGLSXW.mp3,å‘å¾€ä¹‹æ‹,2023-08-03 11:27:22,2023-08-03 03:27:22,http://o5naicsqby.duopei-m.manongnet.cn/clerk/detail/13056?itemCategoryId,0,0,http://o5naicsqby.duopei-m.manongnet.cn
20,http://cos.duopei.feiniaowangluo.com/78/clerk/1689008276377dbwBrXAjVW.jpg?imageView2/1/w/200/h/200,,/static/images/78/5.png,,åˆ˜å¤‡,ç”Ÿæ´»å¨±ä¹,é»‘é¾™æ±Ÿ,,ç”Ÿæ´»å¨±ä¹,,,/static/images/25/sex2-icon.png,"Love and Peace|
                           â™ ï¸|
                           åºŸç‰©ç‚¹å¿ƒ|
                           ä½›ç³»",,http://cos.duopei.feiniaowangluo.com/78/clerk/1671125163487ECK66sPMU6.mp3,å‘å¾€ä¹‹æ‹,2023-08-03 11:27:23,2023-08-03 03:27:22,http://o5naicsqby.duopei-m.manongnet.cn/clerk/detail/13061?itemCategoryId,1,1,http://o5naicsqby.duopei-m.manongnet.cn
24,http://cos.duopei.feiniaowangluo.com/78/clerk/168750876025339WVjntlCk.jpg?imageView2/1/w/200/h/200,,/static/images/78/4.png,,é»å¤,å¯è¿éº¦|ç”Ÿæ´»å¨±ä¹|æ‰‹æ¸¸,å¹¿è¥¿,,å¯è¿éº¦|ç”Ÿæ´»å¨±ä¹|æ‰‹æ¸¸,,,/static/images/25/sex2-icon.png,"é‡‘é“²é“²|
                           ä¹°æ–­è§£é”æ–°çŸ¥è¯†|
                           ä¸‹è§†é¢‘æ‰“èµå’¨è¯¢",,http://cos.duopei.feiniaowangluo.com/78/clerk/1641961456229NCjhdMa9Zs.mp3,å‘å¾€ä¹‹æ‹,2023-08-03 11:27:24,2023-08-03 03:27:22,http://o5naicsqby.duopei-m.manongnet.cn/clerk/detail/18966?itemCategoryId,2,2,http://o5naicsqby.duopei-m.manongnet.cn
23,http://cos.duopei.feiniaowangluo.com/78/clerk/1689423015081UhigrJ2hd0.jpg?imageView2/1/w/200/h/200,,/static/images/78/4.png,,å¯ä¹ï¼ˆå¿ƒåŠ¨é¦–é€‰â¤,å¯è¿éº¦|æ‰‹æ¸¸,åŒ—äº¬,,å¯è¿éº¦|æ‰‹æ¸¸,,,/static/images/25/sex2-icon.png,"å¯çˆ±åˆè¿·äººçš„åæ´¾ğŸŒŸ|
                           ä¸‹å•è§£é”ç™¾*ç”œå¦¹â¤ï¸|
                           æƒ…æ„Ÿåˆ†æ|
                           å¤±çœ å½’å±åœ°",,http://cos.duopei.feiniaowangluo.com/78/clerk/1689531406879OmmqzbR73F.mp3,å‘å¾€ä¹‹æ‹,2023-08-03 11:27:25,2023-08-03 03:27:22,http://o5naicsqby.duopei-m.manongnet.cn/clerk/detail/58859?itemCategoryId,3,3,http://o5naicsqby.duopei-m.manongnet.cn
18,http://cos.duopei.feiniaowangluo.com/78/clerk/1690874341779uLqeBOU3UY.jpg?imageView2/1/w/200/h/200,,/static/images/78/4.png,,é˜¿å¨‡,ç«¯æ¸¸,æ¹–å—,,ç«¯æ¸¸,,,/static/images/25/sex2-icon.png,"æ¸©æŸ”å§å§|
                           ç†æ€§ä¸»ä¹‰|
                           ç¿˜å˜´ç½¢äº†|
                           æ°¸åŠ«æ— é—´",,http://cos.duopei.feiniaowangluo.com/78/clerk/166996248101500ND1cjqLJ.mp3,å‘å¾€ä¹‹æ‹,2023-08-03 11:27:25,2023-08-03 03:27:22,http://o5naicsqby.duopei-m.manongnet.cn/clerk/detail/32795?itemCategoryId,4,4,http://o5naicsqby.duopei-m.manongnet.cn
25,http://cos.duopei.top/172/clerk/1685846328882tRjQ6MV6iy.jpg?imageView2/1/w/200/h/200,å¾®å¾®ç”·ç¥,,,å¾®å¾®åº—é•¿,â—åœ¨çº¿,åŒ—äº¬,,,,,/static/images/default/free/sex1.png,,ä¸æ¥å•,http://cos.duopei.feiniaowangluo.com/172/clerk/1685856234273VBz2C72F4T.mp3,å¾®å¾®æ ‘æ´,2023-08-03 11:27:32,2023-08-03 03:27:32,http://0oofebivlh.duopei-m.manongnet.cn/clerk/detail/41300?itemCategoryId&VNK=ab1bf6bc,0,0,http://0oofebivlh.duopei-m.manongnet.cn
23,http://cos.duopei.feiniaowangluo.com/172/clerk/1688793573512ndTPHyuPtu.jpg?imageView2/1/w/200/h/200,é‡‘ç‰Œ,,,ç­‰é›ª,â—åœ¨çº¿,å±±è¥¿,,è¿éº¦|é™ªç©|è§†é¢‘|å åœ|æ•™ä½œä¸š|é™ªèŠå°è¯´,,,/static/images/default/free/sex1.png,,éšç¼˜æ¥å•,http://cos.duopei.feiniaowangluo.com/172/clerk/1689694903734SDhFH3yjaa.mp3,å¾®å¾®æ ‘æ´,2023-08-03 11:27:33,2023-08-03 03:27:32,http://0oofebivlh.duopei-m.manongnet.cn/clerk/detail/91248?itemCategoryId&VNK=77ec282f,1,1,http://0oofebivlh.duopei-m.manongnet.cn
19,http://cos.duopei.feiniaowangluo.com/172/clerk/1685708961538wsuqK6WsLg.jpg?imageView2/1/w/200/h/200,é‡‘ç‰Œ,,,è¥¿æ¥¼,â—åœ¨çº¿,å››å·,,è¿éº¦|é™ªç©|è§†é¢‘|å åœ|æ•™ä½œä¸š|é™ªèŠå°è¯´,,,/static/images/default/free/sex1.png,,,http://cos.duopei.feiniaowangluo.com/172/clerk/apply/1672180409073zR78ku5ePD.mp3,å¾®å¾®æ ‘æ´,2023-08-03 11:27:34,2023-08-03 03:27:32,http://0oofebivlh.duopei-m.manongnet.cn/clerk/detail/71610?itemCategoryId&VNK=8e360382,2,2,http://0oofebivlh.duopei-m.manongnet.cn
19,http://cos.duopei.feiniaowangluo.com/172/clerk/1688899400420gmoNeF5h4N.jpg?imageView2/1/w/200/h/200,é‡‘ç‰Œ,,,ç¬‘ç¬‘,â—åœ¨çº¿,ç¦å»º,,è¿éº¦|å åœ|é™ªèŠå°è¯´,,,/static/images/default/free/sex2.png,,æ¸©æŸ”çŸ¥æ€§|æ²»æ„ˆ|å¤é£|è®²æ•…äº‹|çµå¼‚çˆ±å¥½,http://cos.duopei.feiniaowangluo.com/172/clerk/1688495360785DawIoU3o0I.mp3,å¾®å¾®æ ‘æ´,2023-08-03 11:27:36,2023-08-03 03:27:32,http://0oofebivlh.duopei-m.manongnet.cn/clerk/detail/104027?itemCategoryId&VNK=0019899a,3,3,http://0oofebivlh.duopei-m.manongnet.cn
22,http://cos.duopei.feiniaowangluo.com/172/clerk/1688567476463UhXlAM77Ba.jpg?imageView2/1/w/200/h/200,é‡‘ç‰Œ,,,è‰è‰å­,â—åœ¨çº¿,å¹¿ä¸œ,,è¿éº¦|é™ªç©|è§†é¢‘|æ•™ä½œä¸š|é™ªèŠå°è¯´,,,/static/images/default/free/sex2.png,,é€Ÿåº¦ä¸**çš„ç¢°æ’|å°‘å¾¡å°é‡çŒ«|æ¸©æŸ”äººqi|æ²»æ„ˆå§å§|å¸¦ç»™ä½ æè‡´çš„ä½“éªŒ,http://cos.duopei.feiniaowangluo.com/172/clerk/1688816741708RyrWzwbxEh.mp3,å¾®å¾®æ ‘æ´,2023-08-03 11:27:37,2023-08-03 03:27:32,http://0oofebivlh.duopei-m.manongnet.cn/clerk/detail/96442?itemCategoryId&VNK=905941b9,4,4,http://0oofebivlh.duopei-m.manongnet.cn
25,http://cos.duopei.feiniaowangluo.com/50/clerk/1667414266623zxSLCkvI5C.jpg?imageView2/1/w/200/h/200,,/static/images/50/4.png,,å¦„æƒ³,è¯­éŸ³é€šè¯æ¸¸æˆé™ªç©,å¹¿ä¸œ,å¦‚æœä½ æ¥è®¿æˆ‘ï¼Œæˆ‘ä¸åœ¨ï¼Œè¯·å’Œæˆ‘é—¨å¤–çš„èŠ±åä¸€ä¼šï¼Œå®ƒä»¬å¾ˆæ¸©æš–,,è¯­éŸ³é€šè¯|æ¸¸æˆé™ªç©,"color: rgb(145, 213, 252);",,,è¯­éŸ³é€šè¯|æ¸¸æˆé™ªç©|æƒ³å»æµ·è¾¹|æ€»æœ‰ä¸€å¤©ä½ ä¼š|å‡ºç°åœ¨æˆ‘èº«è¾¹|å†è§é¢å°±æ˜¯æ°¸è¿œ|æ­¤åˆ»æˆ‘ä¹Ÿè¿™æ ·æƒ³,http://cos.duopei.feiniaowangluo.com/50/clerk/1680371832801VAEk7QUcPa.mp3,èŠ±è¯­æ ‘æ´,2023-08-03 11:27:46,2023-08-03 03:27:46,http://l67ewbjfvw.duopei-m.huayushudong.com/clerk/detail/63750,0,0,http://l67ewbjfvw.duopei-m.huayushudong.com
21,http://cos.duopei.feiniaowangluo.com/50/clerk/1690887510991JQ9nCAYwyW.jpg?imageView2/1/w/200/h/200,,/static/images/50/3.png,,æœˆäº®ğŸŒ›é”¦ç»£å¹´å,è¯­éŸ³é€šè¯æ¸¸æˆé™ªç©,ä¸Šæµ·,åªä¸ºé‡è§é‚£ä¸ªå’Œæˆ‘ç›¸ä¼¼åˆäº’è¡¥çš„äººï¼Œå¸Œæœ›æˆ‘çš„å‡ºç°èƒ½åƒä¸€ä»½ç¤¼ç‰©ğŸ’,,è¯­éŸ³é€šè¯|æ¸¸æˆé™ªç©,"color: rgb(255, 152, 152);",,,è¯­éŸ³é€šè¯|æ¸¸æˆé™ªç©|æ¥è§†é¢‘å•ğŸ”¥æ‰€ğŸˆ¶ç…§ç‰‡å‡ä¸ºæœ¬äºº|å¯ç”œå¯è¾£+æ¨¡ç‰¹ğŸŒ›|ç®€å•ä¸”çœŸè¯š,http://cos.duopei.feiniaowangluo.com/50/clerk/1690781926738XwMe3Dn8Bf.mp3,èŠ±è¯­æ ‘æ´,2023-08-03 11:27:49,2023-08-03 03:27:46,http://l67ewbjfvw.duopei-m.huayushudong.com/clerk/detail/99878,1,1,http://l67ewbjfvw.duopei-m.huayushudong.com
26,http://cos.duopei.feiniaowangluo.com/50/clerk/1690944135192zervK1t5jA.jpg?imageView2/1/w/200/h/200,,/static/images/50/3.png,,å†¬å­£,è¯­éŸ³é€šè¯,æµ·å¤–,å…¶å®ä½ æƒ³çš„å¤ªå¤šäº† æ‰€ä»¥ä½ ä¸å¿«ä¹,,è¯­éŸ³é€šè¯,"color: rgb(255, 152, 152);",,,è¯­éŸ³é€šè¯|174 å†·è‰³ç¾å¥³|å“²å­¦ç³»å­¦å§|å¿ƒè·³å…±æ|å†°è´è¶ğŸ¦‹|é‡‘ç‰Œä»·æ ¼æ‰“èµä¸‹å•,http://cos.duopei.feiniaowangluo.com/50/clerk/1690906592419drKfyKAMyp.mp3,èŠ±è¯­æ ‘æ´,2023-08-03 11:27:52,2023-08-03 03:27:46,http://l67ewbjfvw.duopei-m.huayushudong.com/clerk/detail/104552,2,2,http://l67ewbjfvw.duopei-m.huayushudong.com
99,http://cos.duopei.feiniaowangluo.com/50/clerk/1671458000294GMpzJgQBlG.jpg?imageView2/1/w/200/h/200,,/static/images/50/3.png,,æ›¼æ›¼.èŠå¤©æ­å­,,åŒ—äº¬,ä¸è™šæ‹æš§æ˜§(ä½“åˆ¶ç±»å·¥ä½œ),,,"color: rgb(255, 152, 152);",,,æƒ…æ„Ÿå’¨è¯¢|æƒ…æ„Ÿè°ƒè§£|ä»£æ‰“ç”µè¯|æƒ…æ„Ÿå€¾è¯‰|æƒ…ç»ªé¦–å¯Œ,http://cos.duopei.feiniaowangluo.com/50/clerk/1688318642060J6iDllEmaN.mp3,èŠ±è¯­æ ‘æ´,2023-08-03 11:27:56,2023-08-03 03:27:46,http://l67ewbjfvw.duopei-m.huayushudong.com/clerk/detail/66019,3,3,http://l67ewbjfvw.duopei-m.huayushudong.com
20,http://cos.duopei.feiniaowangluo.com/50/clerk/1687105482560PrFurnmB71.jpg?imageView2/1/w/200/h/200,,/static/images/50/3.png,,æ±Ÿè¿°,è¯­éŸ³é€šè¯æ¸¸æˆé™ªç©,é‡åº†,å±äºç«ç‘°çš„ç››å¤æ°¸è¿œä¸ä¼šç¼ºå¸­,,è¯­éŸ³é€šè¯|æ¸¸æˆé™ªç©,"color: rgb(145, 213, 252);",,,è¯­éŸ³é€šè¯|æ¸¸æˆé™ªç©|é¡¶çº§æ‹çˆ±è„‘|æ ‡å‡†å¤„å¥³åº§|æ¸©æŸ”è§£å¿§åº—|å¥¶ç‹—åœ°èŠ±æ¿|é‡‘ç‰Œä»·æ‰“èµä¸‹å•,http://cos.duopei.feiniaowangluo.com/50/clerk/1690915478232MsrWE3eNld.mp3,èŠ±è¯­æ ‘æ´,2023-08-03 11:28:00,2023-08-03 03:27:46,http://l67ewbjfvw.duopei-m.huayushudong.com/clerk/detail/75107,4,4,http://l67ewbjfvw.duopei-m.huayushudong.com
21,http://cos.duopei.feiniaowangluo.com/119/clerk/1645939221921jRTZHgdOty.jpg?imageView2/1/w/200/h/200,,/static/images/119/7.png,,åº—é•¿ï¼ˆæŠ•è¯‰+Vï¼‰,åœ¨çº¿|å¯è¯­éŸ³|å¯æ¸¸æˆ,è¾½å®,,åœ¨çº¿|å¯è¯­éŸ³|å¯æ¸¸æˆ,,,/static/images/119/sex2.png,"çº¯ç»¿å¹³å°ğŸ’•
                  |
                        å‹¿ç§ä¸‹è½¬è´¦ğŸ’•
                  |
                        é—²èŠå‹¿ä¸‹ğŸ’•",,http://cos.duopei.feiniaowangluo.com/119/clerk/1645941373753U3QtZBQowX.mp3,æƒŠé¸¿ä¹‹æ‹,2023-08-03 11:28:00,2023-08-03 03:27:59,http://t3emfwrung.duopei-m.manongnet.cn/clerk/detail/20007?itemCategoryId&VNK=5e63adb9,0,0,http://t3emfwrung.duopei-m.manongnet.cn
18,http://cos.duopei.feiniaowangluo.com/119/clerk/1689493868485HNtBZD9KTj.jpg?imageView2/1/w/200/h/200,,/static/images/119/6.png,,å§œä¸ä¸ğŸ’é˜¿æ˜•ä¸“å±,åœ¨çº¿|å¯è¯­éŸ³|å¯æ¸¸æˆ,å¹¿ä¸œ,,åœ¨çº¿|å¯è¯­éŸ³|å¯æ¸¸æˆ,,,/static/images/119/sex2.png,"æ’’å¨‡çš„çŒ«
                  |
                        brat
                  |
                        æ‡‚æƒ…è¶£
                  |
                        å°‘èéŸ³
                  |
                        è™šæ‹å¤©èŠ±æ¿",,http://cos.duopei.feiniaowangluo.com/119/clerk/1688994732691o4w3ZJ9H2d.mp3,æƒŠé¸¿ä¹‹æ‹,2023-08-03 11:28:06,2023-08-03 03:27:59,http://t3emfwrung.duopei-m.manongnet.cn/clerk/detail/105302?itemCategoryId&VNK=038fd0ce,1,1,http://t3emfwrung.duopei-m.manongnet.cn
99,http://cos.duopei.feiniaowangluo.com/119/clerk/1688388783911Mu8HuyPZ51.jpg?imageView2/1/w/200/h/200,,/static/images/119/6.png,,è‹¡è‹¡,åœ¨çº¿,åŒ—äº¬,,åœ¨çº¿,,,/static/images/119/sex2.png,"ç”œå¾¡å¤©èŠ±æ¿
                  |
                        æè‡´åå·®
                  |
                        æƒ…æ„Ÿå¤§å¸ˆ",,http://cos.duopei.feiniaowangluo.com/119/clerk/1689161165308uZhXnqqG2G.mp3,æƒŠé¸¿ä¹‹æ‹,2023-08-03 11:28:08,2023-08-03 03:27:59,http://t3emfwrung.duopei-m.manongnet.cn/clerk/detail/64457?itemCategoryId&VNK=6e96a4a0,2,2,http://t3emfwrung.duopei-m.manongnet.cn
19,http://cos.duopei.feiniaowangluo.com/119/clerk/1690813055780j22nEfQowX.jpg?imageView2/1/w/200/h/200,,/static/images/119/5.png,,ç¥ç¥,åœ¨çº¿|å¯è¯­éŸ³,æµ™æ±Ÿ,,åœ¨çº¿|å¯è¯­éŸ³,,,/static/images/119/sex2.png,"ä¹–
                  |
                        æ¸©æŸ”å¥³å¤§
                  |
                        ç…§ç‰‡æœ¬äºº
                  |
                        èº«é«˜170+
                  |
                        å¯ç”œå¯å¾¡",,http://cos.duopei.feiniaowangluo.com/119/clerk/16908125333359G9S7ToeZ9.mp3,æƒŠé¸¿ä¹‹æ‹,2023-08-03 11:28:12,2023-08-03 03:27:59,http://t3emfwrung.duopei-m.manongnet.cn/clerk/detail/95683?itemCategoryId&VNK=850423fe,3,3,http://t3emfwrung.duopei-m.manongnet.cn
23,http://cos.duopei.feiniaowangluo.com/119/clerk/1690361077670DvTzY6wpiS.jpg?imageView2/1/w/200/h/200,,/static/images/119/4.png,,å¨‡å—”,åœ¨çº¿|å¯è¯­éŸ³|å¯æ¸¸æˆ,è¾½å®,,åœ¨çº¿|å¯è¯­éŸ³|å¯æ¸¸æˆ,,,/static/images/119/sex2.png,"ç¦æ¬²çŒ«å¨˜
                  |
                        æš´åŠ›æ‰§æ³•âš ï¸
                  |
                        æå“ç”œå¾¡
                  |
                        å†…åªšæƒ‘å¿ƒ",,http://cos.duopei.feiniaowangluo.com/119/clerk/1690412140827fDs9uR7yzh.mp3,æƒŠé¸¿ä¹‹æ‹,2023-08-03 11:28:14,2023-08-03 03:27:59,http://t3emfwrung.duopei-m.manongnet.cn/clerk/detail/20737?itemCategoryId&VNK=3aaf6b02,4,4,http://t3emfwrung.duopei-m.manongnet.cn
99,http://cos.duopei.feiniaowangluo.com/67/clerk/1657360682377WKb7wlxLrx.jpg?imageView2/1/w/200/h/200,é”¦é²¤,,,å½±å„¿,â—åœ¨çº¿,æµ·å¤–,,æ–‡è¯­|ç‹è€…è£è€€,,,/static/images/default/free/sex2.png,,ç‹è€…åŒåŒº|å°å›½ç‘¶ å°ä¹” è¥¿æ–½ å›½äº”åé˜¿ç¦»|æŒ‡å®šæ¸¸æˆå•å®‰æ’ä¸‰æ’,http://cos.duopei.feiniaowangluo.com/67/clerk/1657547098600gme87mmdkp.mp3,ä¸‰å˜ç±³çš„é›¾,2023-08-03 11:28:31,2023-08-03 03:28:30,http://ou8pqjkrtl.duopei-m.manongnet.cn/clerk/detail/9843?itemCategoryId&VNK=571392ec,0,0,http://ou8pqjkrtl.duopei-m.manongnet.cn
20,http://cos.duopei.feiniaowangluo.com/67/clerk/16900225719435vUgqcHK7k.jpg?imageView2/1/w/200/h/200,é”¦é²¤,,,å°ç³¯ç±³ã®,â—åœ¨çº¿,å¹¿ä¸œ,,æ–‡è¯­|ç‚¹ä¸€é¦–æ­Œ|è¿éº¦|å’Œå¹³ç²¾è‹±|lolæ‰‹æ¸¸|å…¶ä»–æ¸¸æˆ|ç‹è€…è£è€€|å«é†’,,,/static/images/default/free/sex2.png,,æ°¸åŠ«#é¹…é¸­æ€.|é‡‘é“²é“²|24håœ¨çº¿æ¥|ç”µå°æ–‡æœ¬bgm|æ‰‹ç»˜å¤´åƒ,http://cos.duopei.feiniaowangluo.com/67/clerk/apply/16800506499611TgBe2P2EC.mp3,ä¸‰å˜ç±³çš„é›¾,2023-08-03 11:28:32,2023-08-03 03:28:30,http://ou8pqjkrtl.duopei-m.manongnet.cn/clerk/detail/85905?itemCategoryId&VNK=601a8303,1,1,http://ou8pqjkrtl.duopei-m.manongnet.cn
19,http://cos.duopei.feiniaowangluo.com/67/clerk/1690671972765Pp2Nn97kMc.jpg?imageView2/1/w/200/h/200,é”¦é²¤,,,çšçš,â—åœ¨çº¿,æµ™æ±Ÿ,,æ–‡è¯­|ç‚¹ä¸€é¦–æ­Œ|è¿éº¦|å’Œå¹³ç²¾è‹±|å…¶ä»–æ¸¸æˆ|ç‹è€…è£è€€|å«é†’,,,/static/images/default/free/sex2.png,,ä¹–å®|å°ç‹—æ—¥è®°|æœªæ¥æ‰“èµç•™v,http://cos.duopei.feiniaowangluo.com/67/clerk/1689855753919Kx0C5RUWlS.mp3,ä¸‰å˜ç±³çš„é›¾,2023-08-03 11:28:35,2023-08-03 03:28:30,http://ou8pqjkrtl.duopei-m.manongnet.cn/clerk/detail/61915?itemCategoryId&VNK=e6ea6d38,2,2,http://ou8pqjkrtl.duopei-m.manongnet.cn
52,http://cos.duopei.feiniaowangluo.com/67/clerk/apply/1689471049824HECkqEt0S4.jpg?imageView2/1/w/200/h/200,ç”·/å¥³ç¥,,,å¹¼å¹¼,â—åœ¨çº¿,å±±ä¸œ,,æ–‡è¯­|ç‚¹ä¸€é¦–æ­Œ|è¿éº¦|å…¶ä»–æ¸¸æˆ|å«é†’,,,/static/images/default/free/sex2.png,,æç¬‘å¥³|æœ‰è¶£çš„å°é‡‘ç‰›|å°å˜æ€|æ¸©æŸ”çš„å§å§|ä½ çš„æœˆäº®,http://cos.duopei.feiniaowangluo.com/67/clerk/1689475330510bIDuICPzRn.mp3,ä¸‰å˜ç±³çš„é›¾,2023-08-03 11:28:37,2023-08-03 03:28:30,http://ou8pqjkrtl.duopei-m.manongnet.cn/clerk/detail/106618?itemCategoryId&VNK=6b525431,3,3,http://ou8pqjkrtl.duopei-m.manongnet.cn
19,http://cos.duopei.feiniaowangluo.com/67/clerk/1690900145523JPtLM7jccv.jpg?imageView2/1/w/200/h/200,ç”·/å¥³ç¥,,,æ‚²ä¼¤çš„å¸ƒä¸,â—åœ¨çº¿,æ¹–å—,,æ–‡è¯­|ç‚¹ä¸€é¦–æ­Œ|è¿éº¦|å…¶ä»–æ¸¸æˆ|ç‹è€…è£è€€|å«é†’,,,/static/images/default/free/sex2.png,,æŸ”æƒ…ä¼¼æ°´|ä¸€å“­äºŒé—¹ä¸‰ä¸ŠåŠ|çˆ±åƒç”œé£Ÿ|å°å“­åŒ…|è·‘è°ƒä¸‰è¿,http://cos.duopei.feiniaowangluo.com/67/clerk/16909854523548MMtXLAZlI.mp3,ä¸‰å˜ç±³çš„é›¾,2023-08-03 11:28:38,2023-08-03 03:28:30,http://ou8pqjkrtl.duopei-m.manongnet.cn/clerk/detail/101056?itemCategoryId&VNK=33a25ec6,4,4,http://ou8pqjkrtl.duopei-m.manongnet.cn
100,http://cos.duopei.feiniaowangluo.com/127/clerk/1690974152772kDf70A6knX.jpg?imageView2/1/w/200/h/200,,/static/images/127/5.png,,å® æºº,åœ¨çº¿|æ–‡è¯­|ä¹°æ–­ä¸“å±,æµ™æ±Ÿ,,åœ¨çº¿|æ–‡è¯­|ä¹°æ–­ä¸“å±,,,/static/images/127/sex2.png,ä¸“å±å®šåˆ¶ã®ç‹¬å±…å¥³å‹ğŸ‘©ğŸ»|æƒ…ç»ªæ‹‰æ»¡ğŸ©µ|soulmateğŸ¤,,http://cos.duopei.top/127/clerk/1681386323962ubQj8yawDm.mp3,æ‰¾é™ªé™ª,2023-08-03 11:28:39,2023-08-03 03:28:38,http://yj5igug8wx.duopei-m.manongnet.cn/clerk/detail/70176?itemCategoryId,0,0,http://yj5igug8wx.duopei-m.manongnet.cn
23,http://cos.duopei.feiniaowangluo.com/127/clerk/1687745425594Vqyv06OCea.jpg?imageView2/1/w/200/h/200,,/static/images/127/3.png,,ç™½èŒ¶,åœ¨çº¿|æ–‡è¯­|ä¹°æ–­ä¸“å±,å†…è’™å¤,,åœ¨çº¿|æ–‡è¯­|ä¹°æ–­ä¸“å±,,,/static/images/127/sex2.png,å°Šå˜Ÿå‡å˜ŸğŸ¸|æš–å¿ƒè¯å¤šğŸª|ç»¿é™ªèŠâœ”ï¸|èµŒç¥ğŸ’…,,http://cos.duopei.feiniaowangluo.com/127/clerk/1688259166298wHjFFPlMSB.mp3,æ‰¾é™ªé™ª,2023-08-03 11:28:42,2023-08-03 03:28:38,http://yj5igug8wx.duopei-m.manongnet.cn/clerk/detail/90585?itemCategoryId,1,1,http://yj5igug8wx.duopei-m.manongnet.cn
22,http://cos.duopei.feiniaowangluo.com/127/clerk/1690909153030h9RpBGuYl9.jpg?imageView2/1/w/200/h/200,,/static/images/127/3.png,,é”¦é²¤,åœ¨çº¿|æ–‡è¯­|è¿éº¦|ä¹°æ–­ä¸“å±,åŒ—äº¬,,åœ¨çº¿|æ–‡è¯­|è¿éº¦|ä¹°æ–­ä¸“å±,,,/static/images/127/sex2.png,å”¯ä¸€å¥‘åˆçµé­‚|æ‡‚ä½ æ‰€éœ€å¦‚ä½ æ‰€æ„¿|å›½ç‹æ¸¸æˆğŸš«|æ›¿èº«æ–‡å­¦ğŸŸ,,http://cos.duopei.feiniaowangluo.com/127/clerk/16895220735543708arrAtb.mp3,æ‰¾é™ªé™ª,2023-08-03 11:28:49,2023-08-03 03:28:38,http://yj5igug8wx.duopei-m.manongnet.cn/clerk/detail/80641?itemCategoryId,2,2,http://yj5igug8wx.duopei-m.manongnet.cn
88,http://cos.duopei.feiniaowangluo.com/127/clerk/1690894124865Mo6o3ay5St.jpg?imageView2/1/w/200/h/200,,/static/images/127/3.png,,èŒ‰æ½‡,åœ¨çº¿|æ–‡è¯­|è¿éº¦|ä¹°æ–­ä¸“å±,å››å·,,åœ¨çº¿|æ–‡è¯­|è¿éº¦|ä¹°æ–­ä¸“å±,,,/static/images/127/sex2.png,ç”œå¿ƒä¸“å±å¥³æœ‹å‹ğŸ’•|ç§’å›æ ‘æ´å°å®è´ğŸ’|å¤çµç²¾æ€ªæç¬‘å¥³ğŸ’–,,http://cos.duopei.feiniaowangluo.com/127/clerk/1690225126011tJ2d152suy.mp3,æ‰¾é™ªé™ª,2023-08-03 11:28:51,2023-08-03 03:28:38,http://yj5igug8wx.duopei-m.manongnet.cn/clerk/detail/108283?itemCategoryId,3,3,http://yj5igug8wx.duopei-m.manongnet.cn
52,http://cos.duopei.feiniaowangluo.com/127/clerk/1690648016716cdEpq1Z1Df.jpg?imageView2/1/w/200/h/200,,/static/images/127/3.png,,è¹‚å»,åœ¨çº¿|æ–‡è¯­|è¿éº¦|ç‹è€…|ä¹°æ–­ä¸“å±,ä¸Šæµ·,,åœ¨çº¿|æ–‡è¯­|è¿éº¦|ç‹è€…|ä¹°æ–­ä¸“å±,,,/static/images/127/sex2.png,â­•ï¸å…¨èƒ½ã®ç¥|â­•ï¸æœä»æˆ‘|â­•ï¸é™æ—¶æƒ…äººğŸ”¥|â­•ï¸å˜æ€ä¸”çº¯çˆ±,,http://cos.duopei.feiniaowangluo.com/127/clerk/1690728742944fad6DmrDTl.mp3,æ‰¾é™ªé™ª,2023-08-03 11:28:55,2023-08-03 03:28:38,http://yj5igug8wx.duopei-m.manongnet.cn/clerk/detail/80783?itemCategoryId,4,4,http://yj5igug8wx.duopei-m.manongnet.cn
99,http://cos.duopei.feiniaowangluo.com/1123/clerk/1690351279859ujY4v8n2ig.jpg?imageView2/1/w/200/h/200,é•‡åº—,,,å¸Œå¸Œï¼ˆé™å®šï¼‰,â—åœ¨çº¿,æ±Ÿè¥¿,,æ–‡è¯­|è¿éº¦|è§†é¢‘|æ¸¸æˆ|ä¹°æ–­,,,/static/images/default/free/sex2.png,,ç…§ç‰‡æœ¬äººğŸ’|ç‹è€…è£è€€ğŸ­|æŒ‡å®šé€æ­ŒğŸŒ¹|åå·®ğŸ§¡å¥³å‹|ä»»æ„æ‰“èµâ•V,http://cos.duopei.feiniaowangluo.com/1123/clerk/16882002632949G4lENn0Pu.mp3,æ¸©é…’å°é•‡,2023-08-03 11:28:54,2023-08-03 03:28:54,http://1tt9ggod2u.duopei-m.wenjiuxiaozhen.top/clerk/detail/91668?itemCategoryId&VNK=d00468ea,0,0,http://1tt9ggod2u.duopei-m.wenjiuxiaozhen.top
18,http://cos.duopei.feiniaowangluo.com/1123/clerk/1689213835281oNW44IagF1.jpg?imageView2/1/w/200/h/200,é“¶ç‰Œ,,,è¬è¬,â—åœ¨çº¿,æ²³å—,,æ–‡è¯­|è¿éº¦|è§†é¢‘|æ¸¸æˆ|ä¹°æ–­,,,/static/images/default/free/sex2.png,,èŒå¦¹|çºµæœ‰ä¸‡äººå“„ï¼Œä¸å¦‚ä¸€äººå® |å¯ç›å¯ç”œ,http://cos.duopei.feiniaowangluo.com/1123/clerk/1688811791653BYn1tILWiB.mp3,æ¸©é…’å°é•‡,2023-08-03 11:28:57,2023-08-03 03:28:54,http://1tt9ggod2u.duopei-m.wenjiuxiaozhen.top/clerk/detail/98966?itemCategoryId&VNK=a7df4f80,1,1,http://1tt9ggod2u.duopei-m.wenjiuxiaozhen.top
19,http://cos.duopei.feiniaowangluo.com/1123/clerk/1690955629296iHZQcVjyuU.jpg?imageView2/1/w/200/h/200,é“¶ç‰Œ,,,æ·‡æ°´æ°´,â—åœ¨çº¿,å®‰å¾½,,æ–‡è¯­|è¿éº¦|æ¸¸æˆ|ä¹°æ–­,,,/static/images/default/free/sex2.png,,æ¸©æŸ”æ ‘æ´|ä½ çš„ä¸“å±è¾…åŠ©|å¯çˆ±ç²˜äºº|ä¹–ä¹–ç‰Œå¥³å‹|ä¸‡ç‰©æ¸©æŸ”,http://cos.duopei.feiniaowangluo.com/1123/clerk/1690832996093KYX42Z9i9j.mp3,æ¸©é…’å°é•‡,2023-08-03 11:28:59,2023-08-03 03:28:54,http://1tt9ggod2u.duopei-m.wenjiuxiaozhen.top/clerk/detail/108422?itemCategoryId&VNK=69182075,2,2,http://1tt9ggod2u.duopei-m.wenjiuxiaozhen.top
19,http://cos.duopei.feiniaowangluo.com/1123/clerk/16821717951979wrWC3BQRz.jpg?imageView2/1/w/200/h/200,é“¶ç‰Œ,,,é¹¿ç¾½,â—åœ¨çº¿,å†…è’™å¤,,æ–‡è¯­|è¿éº¦|æ¸¸æˆ|ä¹°æ–­,,,/static/images/default/free/sex2.png,,æ¸©ç”œå¾¡|å£°å¾¡äººç”œ|æ¸©æŸ”è¯å¤š|ä¹–å·§å¬è¯|ç‹è€…å°è¶´èœ,http://cos.duopei.feiniaowangluo.com/1123/clerk/1689596294020kXHHsNH0OL.mp3,æ¸©é…’å°é•‡,2023-08-03 11:29:01,2023-08-03 03:28:54,http://1tt9ggod2u.duopei-m.wenjiuxiaozhen.top/clerk/detail/69460?itemCategoryId&VNK=29e7c6d2,3,3,http://1tt9ggod2u.duopei-m.wenjiuxiaozhen.top
18,http://cos.duopei.feiniaowangluo.com/1123/clerk/16905533591730gTdNhfeRU.jpg?imageView2/1/w/200/h/200,é“¶ç‰Œ,,,ä¸‰å¿ƒ,â—åœ¨çº¿,é‡åº†,,æ–‡è¯­|è¿éº¦|æ¸¸æˆ|ä¹°æ–­,,,/static/images/default/free/sex2.png,,æŒ‡å®šå¥³å‹|é­”é¬¼ä¹‹éŸ³|å“„ç¡|æ²¡å¿ƒæ²¡è‚ºå°ä½œç²¾|ç‹è€…èœé¸Ÿ,http://cos.duopei.feiniaowangluo.com/1123/clerk/1690620954920g8P72EJJZo.mp3,æ¸©é…’å°é•‡,2023-08-03 11:29:01,2023-08-03 03:28:54,http://1tt9ggod2u.duopei-m.wenjiuxiaozhen.top/clerk/detail/97538?itemCategoryId&VNK=571f8f17,4,4,http://1tt9ggod2u.duopei-m.wenjiuxiaozhen.top
25,http://cos.duopei.feiniaowangluo.com/165/clerk/apply/1682759229189Fs2FlePeBD.jpg?imageView2/1/w/200/h/200,,/static/images/165/4.png,,Danny,åœ¨çº¿|æ–‡è¯­ä¹°æ–­,.line1 .position,,åœ¨çº¿|æ–‡è¯­ä¹°æ–­,,"background: rgb(99, 192, 237);",,ç´«å¾®æ˜Ÿç›˜ | ç•™å­¦ç”Ÿ | æƒ…æ„Ÿå¯¼å¸ˆ,,http://cos.duopei.feiniaowangluo.com/165/clerk/apply/1682759228147JO6S4VqpCo.mp3,é’ç­æ ‘æ´,2023-08-03 11:29:12,2023-08-03 03:29:12,http://lwzqvd7nvk.duopei-m.manongnet.cn/clerk/detail/91671?itemCategoryId&VNK=b914dcfc,0,0,http://lwzqvd7nvk.duopei-m.manongnet.cn
20,http://cos.duopei.feiniaowangluo.com/165/clerk/1691031729686SKsM3vDK0q.jpg?imageView2/1/w/200/h/200,,/static/images/165/4.png,,å•Šå–»,åœ¨çº¿|æ–‡è¯­ä¹°æ–­,.line1 .position,,åœ¨çº¿|æ–‡è¯­ä¹°æ–­,,"background: rgb(255, 120, 162);",,å•Šå–»æƒ…ç»ªé“ºğŸŒ· | æƒ…ç»ªå…±äº«ğŸ¦‹ | è§£å¿§æ ‘æ´ğŸŒ· | æ‰“èµ10rå³å¯ğŸ¦‹,,http://cos.duopei.feiniaowangluo.com/165/clerk/1690950875469IqidUpsbTV.mp3,é’ç­æ ‘æ´,2023-08-03 11:29:15,2023-08-03 03:29:12,http://lwzqvd7nvk.duopei-m.manongnet.cn/clerk/detail/107884?itemCategoryId&VNK=02ce67ec,1,1,http://lwzqvd7nvk.duopei-m.manongnet.cn
25,http://cos.duopei.feiniaowangluo.com/165/clerk/16899896968987BIxH824Yx.jpg?imageView2/1/w/200/h/200,,/static/images/165/4.png,,å²åŠ«,åœ¨çº¿|ä¹°æ–­,.line1 .position,,åœ¨çº¿|ä¹°æ–­,,"background: rgb(99, 192, 237);",,daddy,,http://cos.duopei.feiniaowangluo.com/165/clerk/apply/1687249807294fhfMV8gsXV.mp3,é’ç­æ ‘æ´,2023-08-03 11:29:16,2023-08-03 03:29:12,http://lwzqvd7nvk.duopei-m.manongnet.cn/clerk/detail/100970?itemCategoryId&VNK=8d2a7c01,2,2,http://lwzqvd7nvk.duopei-m.manongnet.cn
20,http://cos.duopei.feiniaowangluo.com/165/clerk/169099911230912xBXb3jah.jpg?imageView2/1/w/200/h/200,,/static/images/165/3.png,,02,åœ¨çº¿|æ–‡è¯­è¿éº¦|æŠ€æœ¯é™ª|å¨±ä¹é™ª|ä¹°æ–­,.line1 .position,,åœ¨çº¿|æ–‡è¯­è¿éº¦|æŠ€æœ¯é™ª|å¨±ä¹é™ª|ä¹°æ–­,,"background: rgb(255, 120, 162);",,ä½ å¾—ä¸åˆ°çš„å§å§ | è§£å¿§æ ‘æ´ | å¯ç›å¯ç”œ,,http://cos.duopei.feiniaowangluo.com/165/clerk/1690967017092U2SKx5K4eC.mp3,é’ç­æ ‘æ´,2023-08-03 11:29:19,2023-08-03 03:29:12,http://lwzqvd7nvk.duopei-m.manongnet.cn/clerk/detail/103298?itemCategoryId&VNK=051e2020,3,3,http://lwzqvd7nvk.duopei-m.manongnet.cn
19,http://cos.duopei.feiniaowangluo.com/165/clerk/1690596737238jRPwQmkVDH.jpg?imageView2/1/w/200/h/200,,/static/images/165/3.png,,ç–¯æ‰¹ç¾äºº,åœ¨çº¿|æ–‡è¯­è¿éº¦|ä¹°æ–­,.line1 .position,,åœ¨çº¿|æ–‡è¯­è¿éº¦|ä¹°æ–­,,"background: rgb(255, 120, 162);",,è½¯ç³¯è…¹é»‘ğŸŒ» | å¤ªè´µæ‰“èµğŸŒ· | æè‡´åå·®ğŸŒ· | æŒ‡å®šæœ‰æƒŠå–œğŸ‘¾,,http://cos.duopei.feiniaowangluo.com/165/clerk/1689692029846TguJmzJh7a.mp3,é’ç­æ ‘æ´,2023-08-03 11:29:20,2023-08-03 03:29:12,http://lwzqvd7nvk.duopei-m.manongnet.cn/clerk/detail/107280?itemCategoryId&VNK=a2b96af0,4,4,http://lwzqvd7nvk.duopei-m.manongnet.cn
,http://cos.duopei.feiniaowangluo.com/6/clerk/1661697903310erIjfr9kyk.jpg?imageView2/1/w/200/h/200,ä¼ è¯´,,,åœ¨çº¿å®¢æœï¼ˆæˆ‘ä¸€ç›´åœ¨ï¼‰,,,ğŸˆ²ä½ä¿—è¡Œä¸ºï¼ŒğŸˆ²æœªæ»¡18å²ä¸‹å•åŠåº”è˜ï¼,,,,,,24å°æ—¶åœ¨çº¿|é¢„è®¢åº—å‘˜|æŠ•è¯‰å»ºè®®|å…³æ³¨å®¢æœå…¬ä¼—å·è·å–è®¢å•æé†’åŠŸèƒ½,http://cos.duopei.feiniaowangluo.com/6/clerk/1621166602213dec8AFJ8qZ.mp3,æš–èŠå°é•‡,2023-08-03 11:29:13,2023-08-03 03:29:12,http://krx0nvfgg1.duopei-m.manongnet.cn/clerk/detail/379,0,0,http://krx0nvfgg1.duopei-m.manongnet.cn
,http://cos.duopei.feiniaowangluo.com/6/clerk/1689266675764BftZ7HbUMV.jpg?imageView2/1/w/200/h/200,é¦–å¸­,,,æ‘å£çƒ«å¤´ç‹å¸ˆå‚…,ç‚¹æ­Œè¿éº¦ç§˜ä¹¦,,ä½ å¥½ï¼Œè¯·ç»™æˆ‘ä¸‹å•ï¼Œæˆ‘èµšé’±æœ‰ç”¨æ,,ç‚¹æ­Œ|è¿éº¦|ç§˜ä¹¦,,,,å¤æ—¥é›†é‚®é“º|æœåŠ¡å¥½|äº‹æƒ…å°‘,http://cos.duopei.feiniaowangluo.com/6/clerk/1688223218670HLcVULc6wp.mp3,æš–èŠå°é•‡,2023-08-03 11:29:15,2023-08-03 03:29:12,http://krx0nvfgg1.duopei-m.manongnet.cn/clerk/detail/96668,1,1,http://krx0nvfgg1.duopei-m.manongnet.cn
,http://cos.duopei.feiniaowangluo.com/6/clerk/1690380764131edwjC6HGjG.jpg?imageView2/1/w/200/h/200,é•‡åº—,,,å°è¿ğŸ†•,ç‚¹æ­Œè¿éº¦æ¸¸æˆ,,ä½ æ„¿æ„å¬æˆ‘è¯´å¾ˆå¤šå¾ˆå¤šçš„è¯å—,,ç‚¹æ­Œ|è¿éº¦|æ¸¸æˆ,,,,å¤æ—¥é›†é‚®é“º|172åå·®ç”œå¦¹|enfpğŸŒŸ|ç‹è€…å˜å˜å¸¦é£|å®¶æœ‰ä¸‰çŒ«|24å°æ—¶ä¾¿åˆ©åº—,http://cos.duopei.feiniaowangluo.com/6/clerk/1689004363309X90xvtJ2RX.mp3,æš–èŠå°é•‡,2023-08-03 11:29:18,2023-08-03 03:29:12,http://krx0nvfgg1.duopei-m.manongnet.cn/clerk/detail/76121,2,2,http://krx0nvfgg1.duopei-m.manongnet.cn
,http://cos.duopei.feiniaowangluo.com/6/clerk/16903015126590YN7zlqViZ.jpg?imageView2/1/w/200/h/200,é•‡åº—,,,158å·å°è¡Œæ˜Ÿ,è¿éº¦ç§˜ä¹¦æ¸¸æˆ,,è¯»ä¹¦ä¹°èŠ±é•¿å¤§ï¼,,è¿éº¦|ç§˜ä¹¦|æ¸¸æˆ,,,,å¤æ—¥é›†é‚®é“º|ä¸»æ‰“ä¹–å·§|æ°¸è¿œç«™ä½ è¿™è¾¹|å°å¾—ç›ˆæ»¡|æˆ‘æ˜¯ç”œå¦¹ï¼ŒçœŸçš„|å››å·å§‘å¨˜æ¸©æŸ”å¾—å¾ˆ,http://cos.duopei.feiniaowangluo.com/6/clerk/1690301631986hl9XGIcQy2.mp3,æš–èŠå°é•‡,2023-08-03 11:29:20,2023-08-03 03:29:12,http://krx0nvfgg1.duopei-m.manongnet.cn/clerk/detail/59030,3,3,http://krx0nvfgg1.duopei-m.manongnet.cn
,http://cos.duopei.feiniaowangluo.com/6/clerk/1686719935664LKL1so7A2Q.jpg?imageView2/1/w/200/h/200,é•‡åº—,,,åƒåƒ,ç‚¹æ­Œ,,æ™šéœå°¤å…¶æ¸©æŸ”ï¼Œäººé—´çš†æ˜¯æµªæ¼«ï¼Œè¦é™ªåœ¨å€¼å¾—çš„äººèº«è¾¹ï¼Œä¸€å¹´åˆä¸€å¹´,,ç‚¹æ­Œ,,,,è½¯è¯­è§£å¿§é¦†|ç‹è€…Steamè¿éº¦ğŸŒº|æ·±å¤œæ¸©æŸ”å“„ç¡ğŸ“|çƒ­æƒ…å¥½å¥‡çˆ±èŠğŸ‡,http://cos.duopei.feiniaowangluo.com/6/clerk/16867211735297bs3Gy33QA.mp3,æš–èŠå°é•‡,2023-08-03 11:29:21,2023-08-03 03:29:12,http://krx0nvfgg1.duopei-m.manongnet.cn/clerk/detail/78747,4,4,http://krx0nvfgg1.duopei-m.manongnet.cn
