Age,AvatarImg,grade,name,online_status,Position,Profile,tag,audio_url,company,crawl_date,crawl_date_2,grade,homepage,online_status,rank,rank_2,website
21,http://cos.duopei.feiniaowangluo.com/9/clerk/16835941179264GAkJxPi0L.jpg?imageView2/1/w/200/h/200,4,å¤©ç©ºçŒ«å®¢æœ-å¥¶ç›–,1,0,0,åº—å‘˜æ¨è-ç²¾å‡†åŒ¹é…|åº—å‘˜æŠ•è¯‰-é—®é¢˜è§£å†³å¤§å¸ˆ|ç›´æ¥æ‰«ç æ·»åŠ ,http://cos.duopei.feiniaowangluo.com/9/clerk/1686223833317ibIY6Rlnhk.mp3,å¤©ç©ºçŒ«çš„æ ‘æ´,2023-08-03 11:35:53,2023-08-03 03:35:53,4,http://oxxs5iqzqz.duopei-m.manongnet.cn/clerk/detail/71807?itemCategoryId,1,0,0,http://oxxs5iqzqz.duopei-m.manongnet.cn
22,http://cos.duopei.feiniaowangluo.com/9/clerk/apply/1672405474253DJDcHeU9gi.jpg?imageView2/1/w/200/h/200,4,å®¢æœç‹¸å­,1,0,0,åº—å‘˜æ¨èğŸ–¤|åº—å‘˜æŠ•è¯‰ğŸ–¤|æ’å¿§è§£éš¾ğŸ–¤,http://cos.duopei.feiniaowangluo.com/9/clerk/apply/1672405473266LM79OYxlXk.mp3,å¤©ç©ºçŒ«çš„æ ‘æ´,2023-08-03 11:35:53,2023-08-03 03:35:53,4,http://oxxs5iqzqz.duopei-m.manongnet.cn/clerk/detail/71878?itemCategoryId,1,1,1,http://oxxs5iqzqz.duopei-m.manongnet.cn
23,http://cos.duopei.feiniaowangluo.com/9/clerk/1689261660416NkorNvecww.jpg?imageView2/1/w/200/h/200,4,å®¢æœ-å¦†æ³,1,0,0,åº—å‘˜æ¨èä¼˜å…ˆåŒ¹é…|è®¢å•æŠ•è¯‰å”®åæœåŠ¡|æš–å¿ƒé™ªä¼´è§£å¿§æ ‘æ´,http://cos.duopei.feiniaowangluo.com/9/clerk/1689261749902VPZ4z1dpKX.mp3,å¤©ç©ºçŒ«çš„æ ‘æ´,2023-08-03 11:35:54,2023-08-03 03:35:53,4,http://oxxs5iqzqz.duopei-m.manongnet.cn/clerk/detail/73372?itemCategoryId,1,2,2,http://oxxs5iqzqz.duopei-m.manongnet.cn
25,http://cos.duopei.feiniaowangluo.com/9/clerk/1690824987005rUjcbyomp4.jpg?imageView2/1/w/200/h/200,4,æ—å¤•,1,0,0,çˆ±æ—…è¡Œçˆ±è‡ªç”±|è¿‘æœŸå¥èº«æˆ¿æ³¡ing|å…»çŒ«|ä¼špiaæˆè‡ªå¸¦ä»·æ ¼,http://cos.duopei.feiniaowangluo.com/9/clerk/1689262397754OKU7bo2wQ8.mp3,å¤©ç©ºçŒ«çš„æ ‘æ´,2023-08-03 11:35:54,2023-08-03 03:35:53,4,http://oxxs5iqzqz.duopei-m.manongnet.cn/clerk/detail/71890?itemCategoryId,1,3,3,http://oxxs5iqzqz.duopei-m.manongnet.cn
22,http://cos.duopei.feiniaowangluo.com/9/clerk/1687961424987kM3OphOXC3.jpg?imageView2/1/w/200/h/200,4,å°å¤©,1,0,0,ç”·å‹åŠ›|ä½“è‚²ç”Ÿ|åå·®|æ²»æ„ˆ|æ¸©æŸ”éœ¸é“,http://cos.duopei.feiniaowangluo.com/9/clerk/1688974751891adFIUOv4pO.mp3,å¤©ç©ºçŒ«çš„æ ‘æ´,2023-08-03 11:35:55,2023-08-03 03:35:53,4,http://oxxs5iqzqz.duopei-m.manongnet.cn/clerk/detail/72264?itemCategoryId,1,4,4,http://oxxs5iqzqz.duopei-m.manongnet.cn
19,http://cos.duopei.feiniaowangluo.com/92/clerk/16841010248904Wv73x2vMr.jpg?imageView2/1/w/200/h/200,40,ç³–æ‹å®¢æœ-å®‰é±¼,0,0,0,åº—å‘˜æ¨èæŠ•è¯‰é€€æ¬¾åŠ æˆ‘|ç‚¹æˆ‘èµ„æ–™å¡æ‰«ç å¯åŠ æˆ‘|åŸç³»ç»Ÿæœ‰ä½™é¢åŠ æˆ‘è¡¥ä¸Š,http://cos.duopei.feiniaowangluo.com/92/clerk/apply/1683742502555lJHxwUQO5S.mp3,ç³–æ‹æ ‘æ´,2023-08-03 11:35:56,2023-08-03 03:35:55,40,http://tj5uhmrpeq.duopei-m.featnet.com/clerk/detail/93337?itemCategoryId&VNK=e6ec2e2d,0,0,0,http://tj5uhmrpeq.duopei-m.featnet.com
18,http://cos.duopei.feiniaowangluo.com/92/clerk/1685074769299oEaR7WhTMC.jpg?imageView2/1/w/200/h/200,40,å®¢æœé˜®-åº—å‘˜æ¨è,0,0,0,åº—å‘˜æ¨è-ç²¾å‡†åŒ¹é…|åº—å‘˜æŠ•è¯‰-é—®é¢˜è§£å†³å¤§å¸ˆ|åº—å‘˜ç”³è¯·å¯å’¨è¯¢,http://cos.duopei.feiniaowangluo.com/92/clerk/1685075126919sqT35eXpmt.mp3,ç³–æ‹æ ‘æ´,2023-08-03 11:35:56,2023-08-03 03:35:55,40,http://tj5uhmrpeq.duopei-m.featnet.com/clerk/detail/95986?itemCategoryId&VNK=b7f0c491,0,1,1,http://tj5uhmrpeq.duopei-m.featnet.com
21,http://cos.duopei.feiniaowangluo.com/92/clerk/1689078514353zQbOJvgJ4X.jpg?imageView2/1/w/200/h/200,40,å°æŸ”,0,0,0,åå·®å¥³å‹ğŸ”¥|æƒ…æ„Ÿå’¨è¯¢ğŸŒŸ|å›½ç‹æ¸¸æˆğŸš«|å“„ç¡å‚¬çœ ğŸŒ·|æ›¿èº«æ–‡å­¦ğŸŸ,http://cos.duopei.feiniaowangluo.com/92/clerk/1689078780628l8o7NL8ypR.mp3,ç³–æ‹æ ‘æ´,2023-08-03 11:35:57,2023-08-03 03:35:55,40,http://tj5uhmrpeq.duopei-m.featnet.com/clerk/detail/93961?itemCategoryId&VNK=0bb0d864,0,2,2,http://tj5uhmrpeq.duopei-m.featnet.com
20,http://cos.duopei.feiniaowangluo.com/92/clerk/1690650065184NGRmugLfbd.jpg?imageView2/1/w/200/h/200,40,è§£è¯,0,0,0,é™ªä½ ä¸€æ•´æ™š|æ’©äººä¸è‡ªçŸ¥|å¿ƒåŠ¨åœ¨æ­¤åˆ»|ğŸˆ¯ï¸å®šå¯è§†é¢‘|æ‡‚ä½ æ‰€éœ€å¦‚ä½ æ‰€æ„¿,http://cos.duopei.feiniaowangluo.com/92/clerk/1690647322688oXNGqA4zJ8.mp3,ç³–æ‹æ ‘æ´,2023-08-03 11:35:57,2023-08-03 03:35:55,40,http://tj5uhmrpeq.duopei-m.featnet.com/clerk/detail/97369?itemCategoryId&VNK=b522dbea,0,3,3,http://tj5uhmrpeq.duopei-m.featnet.com
22,http://cos.duopei.feiniaowangluo.com/92/clerk/1686753806850P7UkH8qSvn.jpg?imageView2/1/w/200/h/200,40,æ¸©è’‚,0,0,0,æ¸©æŸ”æ²»æ„ˆæµªæ¼«ä¸æ­¢|åŒå•†åœ¨çº¿æœ‰å¹¸é‡è§|æ„Ÿè§‰è‡³ä¸Šçµé­‚å…±é¸£|å“„ç¡ä¼˜è´¨é€‰æ‰‹,http://cos.duopei.feiniaowangluo.com/92/clerk/1686752557316sT0jPgYLqm.mp3,ç³–æ‹æ ‘æ´,2023-08-03 11:35:57,2023-08-03 03:35:55,40,http://tj5uhmrpeq.duopei-m.featnet.com/clerk/detail/99716?itemCategoryId&VNK=e800bb08,0,4,4,http://tj5uhmrpeq.duopei-m.featnet.com
88,http://cos.duopei.feiniaowangluo.com/47/clerk/1688601028677iZoeaQuABp.jpg?imageView2/1/w/200/h/200,6,å…®é¢œ,1,æ¹–å—,0,ç™¾å˜å°‘å¥³|æ¸©æŸ”æ ‘æ´|æ´»æ³¼å°å­©|ä½ æ‰€è§å³æ˜¯æˆ‘|æ‰“èµ20ç•™V,http://cos.duopei.feiniaowangluo.com/47/clerk/16847415774834Rqk8VjjCa.mp3,æ©˜è‰²ç¯ç½©,2023-08-03 11:36:05,2023-08-03 03:36:05,6,http://8mukjha763.duopei-m.99c99c.com/clerk/detail/66163,1,0,0,http://8mukjha763.duopei-m.99c99c.com
22,http://cos.duopei.feiniaowangluo.com/47/clerk/169081870766929NI13q64s.jpg?imageView2/1/w/200/h/200,6,æ‹›è´¢çŒ«,1,æ¹–åŒ—,0,æˆ‘çŸ¥é“ä½ ä¼šæ¥|æ‰€ä»¥æˆ‘åœ¨ç­‰,http://cos.duopei.feiniaowangluo.com/47/clerk/1690779013854umgBqeBrp3.mp3,æ©˜è‰²ç¯ç½©,2023-08-03 11:36:06,2023-08-03 03:36:05,6,http://8mukjha763.duopei-m.99c99c.com/clerk/detail/97876,1,1,1,http://8mukjha763.duopei-m.99c99c.com
52,http://cos.duopei.feiniaowangluo.com/47/clerk/1690650076878hZutWnnIDR.jpg?imageView2/1/w/200/h/200,6,å¹»æƒ³æ›²,1,å±±ä¸œ,0,é”¦é²¤ä½“è´¨ğŸ¤æ—ºå¤«|å†›æ‹|é‡‘é“²é“²ç‹è€…|å›¾æœ¬|ä¹°æ–­è¿ç¡,http://cos.duopei.feiniaowangluo.com/47/clerk/1686020825354oorms74B5E.mp3,æ©˜è‰²ç¯ç½©,2023-08-03 11:36:06,2023-08-03 03:36:05,6,http://8mukjha763.duopei-m.99c99c.com/clerk/detail/87202,1,2,2,http://8mukjha763.duopei-m.99c99c.com
99,http://cos.duopei.feiniaowangluo.com/47/clerk/1690361281662ceUHNs86lG.jpg?imageView2/1/w/200/h/200,6,æ™šé£,1,åŒ—äº¬,0,æ‹¥å†›å¥³å­©|ç‘œä¼½è€å¸ˆ|å¯»ä¸€è‰¯äºº|å¡”ç½—å åœ|æ¸©æŸ”å§å§,http://cos.duopei.feiniaowangluo.com/47/clerk/1687941590472Vd8NVXJpqZ.mp3,æ©˜è‰²ç¯ç½©,2023-08-03 11:36:07,2023-08-03 03:36:05,6,http://8mukjha763.duopei-m.99c99c.com/clerk/detail/62621,1,3,3,http://8mukjha763.duopei-m.99c99c.com
100,http://cos.duopei.feiniaowangluo.com/47/clerk/1687354976855nHkIijsw0B.jpg?imageView2/1/w/200/h/200,6,è¾°è¾°ç†¬å¤œå† å†›,1,é™•è¥¿,0,æ„Ÿè§‰è‡³ä¸Š|æ²»æ„ˆç³»ç¾å°‘å¥³|æ°¸è¿œçœŸè¯šğŸ’ğŸ’|å¹¸è¿buffâ•â•,http://cos.duopei.feiniaowangluo.com/47/clerk/1677835243607Ofk2qBMhTJ.mp3,æ©˜è‰²ç¯ç½©,2023-08-03 11:36:07,2023-08-03 03:36:05,6,http://8mukjha763.duopei-m.99c99c.com/clerk/detail/80269,1,4,4,http://8mukjha763.duopei-m.99c99c.com
99,http://cos.duopei.feiniaowangluo.com/105/clerk/1689524375468ISpY4T8osr.jpg?imageView2/1/w/200/h/200,4,å¾®å¾®,1,0,""" å¾®å¾®ä¸€ç¬‘ï¼Œå¥ˆä½•å€¾åŸã€‚
é™Œä¸ŠèŠ±å¼€ï¼Œå¯ç¼“ç¼“å½’çŸ£ã€‚ """,æµªæ¼«ç”œå¾¡â£ï¸|é»äººä½“è´¨â£ï¸|æ¸©æŸ”å°‘å¥³â£ï¸|ç²¤è¯­è¯¾å ‚â£ï¸|èŒæ–°æ±‚å® â£ï¸,http://cos.duopei.feiniaowangluo.com/105/clerk/1689764801232Pd18uhvamw.mp3,æ¸…æ¬¢æ ‘æ´,2023-08-03 11:36:07,2023-08-03 03:36:07,4,http://9uybjxsbfh.duopei-m.manongnet.cn/clerk/detail/96201?itemCategoryId,1,0,0,http://9uybjxsbfh.duopei-m.manongnet.cn
22,http://cos.duopei.feiniaowangluo.com/105/clerk/1690968863431xxlRHp5bcV.jpg?imageView2/1/w/200/h/200,3,æˆˆè–‡ğŸ§,1,0,""" æ²¡æœ‰æ„ä¹‰çš„æƒ…ç»ªå°±å¸¦ä¸Šè€³æœºï¼Œå°±åƒæ˜¯å¿ƒè·³å¬åˆ°äº†åˆå¥ã€‚ """,å­¦å§Style-|æ—¥ç³»å°‘å¥³é£|çˆ±å¥½JK|-ç”œå¾¡ğŸ¥€-|-æ¥è€…éœ€è¯šâ€”,http://cos.duopei.feiniaowangluo.com/105/clerk/1690641406520TPcrExcCuf.mp3,æ¸…æ¬¢æ ‘æ´,2023-08-03 11:36:08,2023-08-03 03:36:07,3,http://9uybjxsbfh.duopei-m.manongnet.cn/clerk/detail/33628?itemCategoryId,1,1,1,http://9uybjxsbfh.duopei-m.manongnet.cn
25,http://cos.duopei.feiniaowangluo.com/105/clerk/1690189557594A1jMI94Q1F.jpg?imageView2/1/w/200/h/200,3,å¥³å¸,1,0,""" ä¹–ä¹– ä½ çš„å¿ƒä¹Ÿåƒå˜´å”‡ä¸€æ ·è½¯å— (æ‰“èµé—ªç°) """,æ¬²ï½çŒ«â–ª|é™æ—¶æ¸©æŸ”â–ª|çœŸè¯šä¼˜å…ˆâ–ª|å‘ç–¯å¾¡å§â–ª|è§’è‰²äº’æ¢â–ª,http://cos.duopei.feiniaowangluo.com/105/clerk/1690189992490zQOaTuqcTY.mp3,æ¸…æ¬¢æ ‘æ´,2023-08-03 11:36:08,2023-08-03 03:36:07,3,http://9uybjxsbfh.duopei-m.manongnet.cn/clerk/detail/72085?itemCategoryId,1,2,2,http://9uybjxsbfh.duopei-m.manongnet.cn
99,http://cos.duopei.feiniaowangluo.com/105/clerk/16905163788091WDNEYQsoZ.jpg?imageView2/1/w/200/h/200,2,ç”œç”œåœˆ,1,0,""" æˆ‘åœ¨ç­‰ï¼Œå”¯ä¸€å¥‘åˆçš„çµé­‚ """,æ²»æ„ˆç³»|ç²˜äººè¯å¨|æƒ…æ„Ÿç –å®¶|çº¯çˆ±é€‰æ‰‹|æ°¸è¿œçœŸè¯š,http://cos.duopei.feiniaowangluo.com/105/clerk/1688135260027nGKPMy9v5Y.mp3,æ¸…æ¬¢æ ‘æ´,2023-08-03 11:36:09,2023-08-03 03:36:07,2,http://9uybjxsbfh.duopei-m.manongnet.cn/clerk/detail/91176?itemCategoryId,1,3,3,http://9uybjxsbfh.duopei-m.manongnet.cn
26,http://cos.duopei.feiniaowangluo.com/105/clerk/1689593419528kYHccZRyD5.jpg?imageView2/1/w/200/h/200,2,å¿ƒï¼ˆå”èµšç‹—ç²®ç‰ˆï¼‰,1,0,""" é‡è§ä¾¿æ˜¯ç¼˜ """,é’å”æ¸©æŸ”|å¤§å”éœ¸æ°”|çˆ¹ç³»ç‹¼ç³»|è¯»æ–‡å“„ç¡|ç‹è€…é“²é“²,http://cos.duopei.feiniaowangluo.com/105/clerk/apply/1689593306144ktD4WTITU8.mp3,æ¸…æ¬¢æ ‘æ´,2023-08-03 11:36:10,2023-08-03 03:36:07,2,http://9uybjxsbfh.duopei-m.manongnet.cn/clerk/detail/106934?itemCategoryId,1,4,4,http://9uybjxsbfh.duopei-m.manongnet.cn
100,http://cos.duopei.feiniaowangluo.com/183/clerk/apply/1654777402372C2Vvttd55J.png?imageView2/1/w/200/h/200,0,åº—é•¿ï¼ˆå’¨è¯¢æŠ•è¯‰â•vï¼‰,0,åŒ—äº¬,0,ç»¿è‰²èŠå¤©|æ‹’ç»ä½ä¿—|æ— ç†æŠ•è¯‰ä¸æ¥|å…¬ä¼—å·æœ‰åº—é•¿v|å…¬ä¼—å·å¯ä»¥ç›´æ¥ç•™è¨€,http://cos.duopei.feiniaowangluo.com/183/clerk/16600636939563DPdNrkqrT.mp3,ä»Šå¤©å–é…¸å¥¶,2023-08-03 11:36:14,2023-08-03 03:36:14,0,http://exjomkwuav.duopei-m.manongnet.cn/clerk/detail/41498?itemCategoryId&VNK=6151519b,0,0,0,http://exjomkwuav.duopei-m.manongnet.cn
99,http://cos.duopei.feiniaowangluo.com/183/clerk/1690307496146fVi8t7AzMC.jpg?imageView2/1/w/200/h/200,0,æ©˜å­æ±½æ°´ğŸŠ,0,æµ™æ±Ÿ,0,æ‹çˆ±è„‘å¯æ‹èµ°|ç™¾å˜å°ç”œå¿ƒ|æ¸©æŸ”åˆé»äºº|å•èº«å¯æ’©æ±‚è„±å•|ä¹°æ–­æœ‰æƒŠå–œ,http://cos.duopei.feiniaowangluo.com/183/clerk/apply/1666010837425a1pOhsdXxh.mp3,ä»Šå¤©å–é…¸å¥¶,2023-08-03 11:36:15,2023-08-03 03:36:14,0,http://exjomkwuav.duopei-m.manongnet.cn/clerk/detail/61892?itemCategoryId&VNK=7f9af52e,0,1,1,http://exjomkwuav.duopei-m.manongnet.cn
24,http://cos.duopei.feiniaowangluo.com/183/clerk/16659402926445Kp2xhahUV.jpg?imageView2/1/w/200/h/200,0,ä¸€é¢—å°è±†ä¸,0,å››å·,0,æƒ…ç»ªæ ‘æ´|æ¸©æŸ”|ç²˜äºº|ç­‰ä½ å¸¦èµ°å‘€,http://cos.duopei.feiniaowangluo.com/183/clerk/16546120280420XJN9IL98t.mp3,ä»Šå¤©å–é…¸å¥¶,2023-08-03 11:36:15,2023-08-03 03:36:14,0,http://exjomkwuav.duopei-m.manongnet.cn/clerk/detail/41178?itemCategoryId&VNK=d64a7aa3,0,2,2,http://exjomkwuav.duopei-m.manongnet.cn
99,http://cos.duopei.feiniaowangluo.com/183/clerk/16816631860242Jb5GqUQYE.jpg?imageView2/1/w/200/h/200,0,Êšé±¼ä¸ƒä¸ƒÉ,0,å¹¿ä¸œ,0,å•èº«|æ¸©æŸ”|å¯çˆ±|æ‹çˆ±è„‘|æ¸¸æˆå°èƒ½æ‰‹,http://cos.duopei.feiniaowangluo.com/183/clerk/1681700032329oIiIZqQwiT.mp3,ä»Šå¤©å–é…¸å¥¶,2023-08-03 11:36:15,2023-08-03 03:36:14,0,http://exjomkwuav.duopei-m.manongnet.cn/clerk/detail/67935?itemCategoryId&VNK=eaad2cf5,0,3,3,http://exjomkwuav.duopei-m.manongnet.cn
52,http://cos.duopei.feiniaowangluo.com/183/clerk/1690127955735G82mlsrnE1.jpg?imageView2/1/w/200/h/200,0,å¨‡å¨‡,0,æµ™æ±Ÿ,0,æ‹¥å†›å¥³å‹|ç…§ç‰‡æœ¬äººé€è§†é¢‘|æ’’å¨‡ç²˜äººæ‹çˆ±è„‘|å•èº«å¥½æ‹å¯å¥”ç°|æŒ‡å®šæœ‰æƒŠå–œ,http://cos.duopei.feiniaowangluo.com/183/clerk/1687533695287ZNPKoLMZnN.mp3,ä»Šå¤©å–é…¸å¥¶,2023-08-03 11:36:16,2023-08-03 03:36:14,0,http://exjomkwuav.duopei-m.manongnet.cn/clerk/detail/92442?itemCategoryId&VNK=8ed10812,0,4,4,http://exjomkwuav.duopei-m.manongnet.cn
18,http://cos.duopei.top/1199/clerk/1685972802677lMfLXemghR.jpg?imageView2/1/w/200/h/200,1688467977214,å®¢æœ2å·åœ¨çº¿è”ç³»,0,åŒ—äº¬,0,ç›¸å†Œæ˜¯å®¢æœå¾®ä¿¡,http://cos.duopei.top/1199/clerk/1686643244234zxpNzuMsge.mp3,æŸ æª¬æ‹äºº,2023-08-03 11:36:20,2023-08-03 03:36:20,1688467977214,http://bisevslwz1.duopei-m.manongnet.cn/clerk/detail/91711?itemCategoryId&VNK=1f43a9db,0,0,0,http://bisevslwz1.duopei-m.manongnet.cn
22,http://cos.duopei.top/1199/clerk/1686386910678Yv9sbtbNix.jpg?imageView2/1/w/200/h/200,1688467991102,æŸ å®,0,ä¸Šæµ·,0,æ¡ƒæ¡ƒå¿ƒåŠ¨ğŸ”¥|æè‡´ä½“éªŒğŸ»|å® ç‰©è®­å¯¼ğŸ”|ç­‰ä½ æŒ‡å®šğŸŒ,http://cos.duopei.top/1199/clerk/16852220031600CdRPAz5hw.mp3,æŸ æª¬æ‹äºº,2023-08-03 11:36:20,2023-08-03 03:36:20,1688467991102,http://bisevslwz1.duopei-m.manongnet.cn/clerk/detail/59775?itemCategoryId&VNK=4aeebb73,0,1,1,http://bisevslwz1.duopei-m.manongnet.cn
20,http://cos.duopei.top/1199/clerk/1685130102314Jdr1nVCzec.jpg?imageView2/1/w/200/h/200,1688467987985,åŒ—åŒ—,0,æ¹–åŒ—,0,èº«é«˜190|æ¸¸æˆå¤©æ‰|æ¸©æŸ”å¸…å“¥|ä½“è‚²ç¥|çº¯çˆ±æˆ˜å£«,http://cos.duopei.top/1199/clerk/1685192238473Cglqke6DOc.mp3,æŸ æª¬æ‹äºº,2023-08-03 11:36:21,2023-08-03 03:36:20,1688467987985,http://bisevslwz1.duopei-m.manongnet.cn/clerk/detail/96180?itemCategoryId&VNK=c0423b44,0,2,2,http://bisevslwz1.duopei-m.manongnet.cn
23,http://cos.duopei.top/1199/clerk/1686402838318I4Km0kgISP.jpg?imageView2/1/w/200/h/200,1688467984300,èæ‹‰,0,æµ™æ±Ÿ,0,åå¤ç±ç¾äººğŸ”¥|å¿ƒçµæ ‘æ´å£ğŸ”¥|è¯å” ç¬¬ä¸€åğŸ”¥|ä¹…åœä¸ä¸‹æ¥ğŸ”¥,http://cos.duopei.top/1199/clerk/1686402505275x04QB8sSPY.mp3,æŸ æª¬æ‹äºº,2023-08-03 11:36:21,2023-08-03 03:36:20,1688467984300,http://bisevslwz1.duopei-m.manongnet.cn/clerk/detail/98609?itemCategoryId&VNK=daa92705,0,3,3,http://bisevslwz1.duopei-m.manongnet.cn
24,http://cos.duopei.top/1199/clerk/1686373782018tSPwkPysE1.jpg?imageView2/1/w/200/h/200,1688467984300,å°ä¸ƒ,0,æ¹–åŒ—,0,è½»æ’©æ…¢æŠš|èå¾¡åŒä¿®|ä½ çš„å¤œé—´ç”œç‚¹|æ·±å¤œé™å®š,http://cos.duopei.top/1199/clerk/1686373883712u2K0VEet5X.mp3,æŸ æª¬æ‹äºº,2023-08-03 11:36:21,2023-08-03 03:36:20,1688467984300,http://bisevslwz1.duopei-m.manongnet.cn/clerk/detail/98615?itemCategoryId&VNK=b3f59492,0,4,4,http://bisevslwz1.duopei-m.manongnet.cn
0,http://cos.duopei.feiniaowangluo.com/34/clerk/1630761251946SbPahXSx9P.jpeg?imageView2/1/w/200/h/200,7,åº—é•¿ï¼ˆæŠ•è¯‰+*ï¼‰,1,æ¹–å—,0,ç»¿è‰²èŠå¤©|æ‹’ç»ä½ä¿—|æ— ç†æŠ•è¯‰ä¸æ¥å¾…|é—²èŠå‹¿ä¸‹,http://cos.duopei.feiniaowangluo.com/34/clerk/16308016636934GpDaN3h77.mp3,å¤æ—¥å°é‡çŒ«,2023-08-03 11:36:23,2023-08-03 03:36:23,7,http://xoddwpia4h.duopei-m.xiaoyemaovip.com/clerk/detail/4069,1,0,0,http://xoddwpia4h.duopei-m.xiaoyemaovip.com
20,http://cos.duopei.feiniaowangluo.com/34/clerk/1690961035230ypTWNNZ6DI.jpg?imageView2/1/w/200/h/200,6,å¹æ³¡æ³¡,1,æ±Ÿè‹,0,æƒ³é‡è§ä½ ğŸ’—å…±äº«å¿ƒåŠ¨æ—¶åˆ»|çœŸè¯šç›´çƒ|ä½ çš„ğŸ†—ç»·|èµ°è¿›ä½ çš„ç”Ÿæ´»|å¸¦æˆ‘èµ°,http://cos.duopei.feiniaowangluo.com/34/clerk/16909048860542Jga9NzVjj.mp3,å¤æ—¥å°é‡çŒ«,2023-08-03 11:36:23,2023-08-03 03:36:23,6,http://xoddwpia4h.duopei-m.xiaoyemaovip.com/clerk/detail/98781,1,1,1,http://xoddwpia4h.duopei-m.xiaoyemaovip.com
30,http://cos.duopei.feiniaowangluo.com/34/clerk/apply/1687516581417Y69Y0BOxEX.jpg?imageView2/1/w/200/h/200,6,ä¸–é“(æ¥å åœ),1,åŒ—äº¬,0,å©šå§»|æ„Ÿæƒ…|äº‹ä¸š|è´¢è¿|å­¦ä¸š|å¥åº·,http://cos.duopei.feiniaowangluo.com/34/clerk/1687539225691G6I3w12YSb.mp3,å¤æ—¥å°é‡çŒ«,2023-08-03 11:36:24,2023-08-03 03:36:23,6,http://xoddwpia4h.duopei-m.xiaoyemaovip.com/clerk/detail/101682,1,2,2,http://xoddwpia4h.duopei-m.xiaoyemaovip.com
23,http://cos.duopei.feiniaowangluo.com/34/clerk/1690871798442ctcfCNEQmn.jpg?imageView2/1/w/200/h/200,5,æ¥šé›¨å¯»ğŸ’å¯æ‹,1,åŒ—äº¬,0,æ°¸è¿œçœŸå¿ƒ|æœŸå¾…ç›¸é‡|æœ‰åˆ˜æµ·çš„ç”œå¦¹ğŸ’|æ¸©æŸ”å¯çˆ±|æŒ‡å®šæœ‰ä¸“å±|ç½‘æ˜“äº‘,http://cos.duopei.feiniaowangluo.com/34/clerk/1690844741532n9sNWC6VfV.mp3,å¤æ—¥å°é‡çŒ«,2023-08-03 11:36:25,2023-08-03 03:36:23,5,http://xoddwpia4h.duopei-m.xiaoyemaovip.com/clerk/detail/76773,1,3,3,http://xoddwpia4h.duopei-m.xiaoyemaovip.com
52,http://cos.duopei.feiniaowangluo.com/34/clerk/1687612128308YUu9X3kjS0.jpg?imageView2/1/w/200/h/200,5,å’Œæ³‰çº±é›¾ğŸ“,1,å¹¿ä¸œ,0,ğŸ‰‘ç”»ç¨¿ğŸ‰‘ç‹è€…ğŸ‰‘å“„ç¡|æ–­æœˆé€€åº—ç‰ˆ|æŠ½è±¡è‰ºæœ¯å®¶|æµªæ¼«çŒæ­»ä¸æ¸|å·æƒ…æ»´æ»´,http://cos.duopei.feiniaowangluo.com/34/clerk/1666092309052PacWZyV4kI.mp3,å¤æ—¥å°é‡çŒ«,2023-08-03 11:36:26,2023-08-03 03:36:23,5,http://xoddwpia4h.duopei-m.xiaoyemaovip.com/clerk/detail/9071,1,4,4,http://xoddwpia4h.duopei-m.xiaoyemaovip.com
99,http://cos.duopei.feiniaowangluo.com/180/clerk/1686741267840RvQ3irMgXT.jpg?imageView2/1/w/200/h/200,5,è½¦å˜å­,1,ä¸Šæµ·,"""è·ç¦»ä½ 2.1kmåœ¨çº¿""",ç•™å­¦ç”Ÿâœˆï¸|ç•™å­¦ç”Ÿâœˆï¸|ç»ä¸–ç¾å¥³|ç»ä¸–ç¾å¥³|æ¸…çº¯å¥³å¤§å­¦ç”Ÿ|æ¸…çº¯å¥³å¤§å­¦ç”Ÿ|ç”œç”œçš„æ‹çˆ±|ç”œç”œçš„æ‹çˆ±|çº¯çˆ±|çº¯çˆ±,http://cos.duopei.feiniaowangluo.com/180/clerk/1687718707720l6Y6RdZSWj.mp3,è€³è¾¹èœœè¯­,2023-08-03 11:36:30,2023-08-03 03:36:29,5,http://p54yt8ccje.duopei-m.manongnet.cn/clerk/detail/96063?itemCategoryId,1,0,0,http://p54yt8ccje.duopei-m.manongnet.cn
99,http://cos.duopei.feiniaowangluo.com/180/clerk/1688568570725cza8D0pW74.jpg?imageView2/1/w/200/h/200,5,ä¸€åªåŠ è²çŒ«,1,ä¸Šæµ·,"""çˆ±æ²¡æœ‰æŠ€å·§  çœŸè¯šæ‰æ˜¯å¿…æ€æŠ€""",é«˜ä»·ç®—å‘½|é«˜ä»·ç®—å‘½|è‡ªå¾‹å¥èº«å°‘å¥³|è‡ªå¾‹å¥èº«å°‘å¥³|éº»è¡£å­¦å§|éº»è¡£å­¦å§|ä½“éªŒåå·®|ä½“éªŒåå·®,http://cos.duopei.feiniaowangluo.com/180/clerk/1689939982654Jp9R80jj38.mp3,è€³è¾¹èœœè¯­,2023-08-03 11:36:30,2023-08-03 03:36:29,5,http://p54yt8ccje.duopei-m.manongnet.cn/clerk/detail/89493?itemCategoryId,1,1,1,http://p54yt8ccje.duopei-m.manongnet.cn
23,http://cos.duopei.feiniaowangluo.com/180/clerk/1689844102770a7EbVV2OzD.jpg?imageView2/1/w/200/h/200,5,è½,1,æ¹–åŒ—,"""æœ‰ä½ ï¼è¶³çŸ£""",å¾¡å§|å¾¡å§|ä½ çš„å°å¯çˆ±|ä½ çš„å°å¯çˆ±|BiuğŸª¸|BiuğŸª¸|å¸¦æˆ‘å›å®¶ğŸ’|å¸¦æˆ‘å›å®¶ğŸ’,http://cos.duopei.feiniaowangluo.com/180/clerk/1677008593777pWJxQSvdi7.mp3,è€³è¾¹èœœè¯­,2023-08-03 11:36:31,2023-08-03 03:36:29,5,http://p54yt8ccje.duopei-m.manongnet.cn/clerk/detail/44350?itemCategoryId,1,2,2,http://p54yt8ccje.duopei-m.manongnet.cn
20,http://cos.duopei.feiniaowangluo.com/180/clerk/16908947494706XTPStTjZj.jpg?imageView2/1/w/200/h/200,4,è¼è¼ï¼ˆè®¸æ„¿åŒ…æœˆï¼‰,1,è¾½å®,"""åˆ«ç°å¿ƒï¼Œæ™®æ™®é€šé€šçš„ä½ ä¹Ÿå€¼å¾—ä¸‡èˆ¬å® æºº""",å¤çµç²¾æ€ª|å¤çµç²¾æ€ª|å¯å¾¡å¯ç”œï¼|å¯å¾¡å¯ç”œï¼|å›¾æœ¬äºº|å›¾æœ¬äºº|æ¸¸æˆåŒåŒº|æ¸¸æˆåŒåŒº|å¥³å¤§~|å¥³å¤§~,http://cos.duopei.feiniaowangluo.com/180/clerk/1689139108184MJ5xx3vr98.mp3,è€³è¾¹èœœè¯­,2023-08-03 11:36:31,2023-08-03 03:36:29,4,http://p54yt8ccje.duopei-m.manongnet.cn/clerk/detail/105205?itemCategoryId,1,3,3,http://p54yt8ccje.duopei-m.manongnet.cn
99,http://cos.duopei.feiniaowangluo.com/180/clerk/1690853197724aReVobqV66.jpg?imageView2/1/w/200/h/200,4,æ©˜å­æµ·,1,æ±Ÿè‹,"""è½æ—¥æ²‰æººäºæ©˜è‰²çš„æµ·ğŸŒ…ï¼ˆè®¸æ„¿æŒ‡å®šï¼‰""",å¹¸è¿å½—æ˜ŸğŸŒ |å¹¸è¿å½—æ˜ŸğŸŒ |éé‡‘ç«ç‘°ğŸ§Š|éé‡‘ç«ç‘°ğŸ§Š|å¼€å¿ƒå°å¸‚æ°‘ğŸŒˆ|å¼€å¿ƒå°å¸‚æ°‘ğŸŒˆ|å›¾æœ¬ğŸ‰‘ï¸è§†|å›¾æœ¬ğŸ‰‘ï¸è§†,http://cos.duopei.feiniaowangluo.com/180/clerk/16907053894040xgGzH5Ddg.mp3,è€³è¾¹èœœè¯­,2023-08-03 11:36:32,2023-08-03 03:36:29,4,http://p54yt8ccje.duopei-m.manongnet.cn/clerk/detail/94800?itemCategoryId,1,4,4,http://p54yt8ccje.duopei-m.manongnet.cn
26,http://cos.duopei.feiniaowangluo.com/1391/clerk/1690945006049DDePFhL3sk.jpg?imageView2/1/w/200/h/200,2,éº¤éº¤ğŸ’•,1,0,â€œğŸ’«å¸Œæœ›æˆ‘ä»¬éƒ½æ˜¯å½¼æ­¤ç”Ÿæ´»ä¸­æœ€åçš„é‚£ä½å¿ƒåŠ¨å˜‰å®¾â€,âœ¨é«˜å†·çˆ±æ’©|âœ¨åå·®å¾¡å§|âœ¨å·¥ä½œç§˜ä¹¦|âœ¨å æœ‰æ¬²å¼º|âœ¨å‘¼å¸è¿ç¡,http://cos.duopei.feiniaowangluo.com/1391/clerk/1690945534177Py70Cklt8e.mp3,æ—¶å…‰æ‹äºº,2023-08-03 11:36:34,2023-08-03 03:36:34,2,http://2dhwk9dteq.duopei-m.manongnet.cn/clerk/detail/79985?itemCategoryId&VNK=3253a6e8,1,0,0,http://2dhwk9dteq.duopei-m.manongnet.cn
22,http://cos.duopei.feiniaowangluo.com/1391/clerk/1690965666471q3ULJ8DuHq.jpg?imageView2/1/w/200/h/200,2,æ˜Ÿé‡,1,0,â€œæˆ‘ä»¬æœ¬æ¥æœ‰ä»¥åçš„â€,å¾¡èåŒä¿®|æƒ…æ„Ÿé¡¾é—®|åŒæ’ä¼´ä¾£|å‘†å‘†å‚»å‚»|æ²»æ„ˆå®è—,http://cos.duopei.feiniaowangluo.com/1391/clerk/1690177127415Mw3yTidbe6.mp3,æ—¶å…‰æ‹äºº,2023-08-03 11:36:34,2023-08-03 03:36:34,2,http://2dhwk9dteq.duopei-m.manongnet.cn/clerk/detail/99579?itemCategoryId&VNK=9dd59606,1,1,1,http://2dhwk9dteq.duopei-m.manongnet.cn
20,http://cos.duopei.feiniaowangluo.com/1391/clerk/1689048120223pofPXa58bB.jpg?imageView2/1/w/200/h/200,2,æ˜åªš,1,0,â€œä¸æ˜¯ç½‘ä¸Šçš„ç”µå­æ‹äºº  æ˜¯è¿œåœ¨å¼‚åœ°çš„çˆ±å¦»â€,çœ‹äººä¸‹èœ|ä¹Ÿä¼šæ‹¥æœ‰é²œèŠ±å’Œæœˆäº®|ç‰©ä»¥ç¨€ä¸ºè´µ|çˆ±ä»¥è¯šä¸ºä¹…|çŸ¥æ€§è§£è¯­èŠ±,http://cos.duopei.feiniaowangluo.com/1391/clerk/1688919131641KySopfvekb.mp3,æ—¶å…‰æ‹äºº,2023-08-03 11:36:35,2023-08-03 03:36:34,2,http://2dhwk9dteq.duopei-m.manongnet.cn/clerk/detail/96787?itemCategoryId&VNK=e74e3776,1,2,2,http://2dhwk9dteq.duopei-m.manongnet.cn
22,http://cos.duopei.feiniaowangluo.com/1391/clerk/1690103069285AHYJFzZq9f.jpg?imageView2/1/w/200/h/200,2,è§£å¿§ğŸŒŸæ·±å¤œé…’é¦†,1,0,â€œæˆ‘å¿§ä½ æ‰€å¿§ï¼Œçˆ±ä½ æ‰€çˆ±â€,ç²¾ç¥ç››å®´|ä¸»åŠ¨ä¸Šé’©|å¿ƒç†å­¦ä¸“ä¸š|æˆ‘åªçœ‹ä½ ä¸€äºº,http://cos.duopei.feiniaowangluo.com/1391/clerk/1690715888863zeVvuwYBeB.mp3,æ—¶å…‰æ‹äºº,2023-08-03 11:36:35,2023-08-03 03:36:34,2,http://2dhwk9dteq.duopei-m.manongnet.cn/clerk/detail/108575?itemCategoryId&VNK=ed696bbc,1,3,3,http://2dhwk9dteq.duopei-m.manongnet.cn
19,http://cos.duopei.feiniaowangluo.com/1391/clerk/1688566464181bwMW41MPSx.jpg?imageView2/1/w/200/h/200,2,æŒ½æŒ½ğŸ”¥,1,0,â€œå’Œä½ ç”œç”œçš„ä¸€å¤©è¿Ÿåˆ°å¥½ä¹…äº†ï¼Œæ€ä¹ˆè¿˜æ²¡æ¥æ‰¾æˆ‘å“‡ğŸ¥¹â€,å¥³å¤§å­¦ç”Ÿè´´è´´âœ¨|æ¸©æŸ”ç”œå¦¹ğŸ’“|è¯å¤šçœŸè¯šğŸ¥°|æƒ³è¦æŒ‡å®šğŸˆ¯|è¦æŒ‡å®šï¼,http://cos.duopei.feiniaowangluo.com/1391/clerk/16885717809110sei493hzQ.mp3,æ—¶å…‰æ‹äºº,2023-08-03 11:36:36,2023-08-03 03:36:34,2,http://2dhwk9dteq.duopei-m.manongnet.cn/clerk/detail/90273?itemCategoryId&VNK=6e281870,1,4,4,http://2dhwk9dteq.duopei-m.manongnet.cn
99,http://cos.duopei.feiniaowangluo.com/106/clerk/1688974861073nYtWlYluuZ.jpg?imageView2/1/w/200/h/200,0,é¹¤æ¢¦,1,å¹¿ä¸œ,0,åå·®å¾¡å§|å¯ç›å¯ç”œ|è®¸æ„¿ä¹°æ–­,http://cos.duopei.feiniaowangluo.com/106/clerk/1676636500921Jvo7ojSbri.mp3,ç¯ç«é˜‘çŠå¤„,2023-08-03 11:36:36,2023-08-03 03:36:36,0,http://dfbviostem.duopei-m.99c99c.com/clerk/detail/72844,1,0,0,http://dfbviostem.duopei-m.99c99c.com
23,http://cos.duopei.feiniaowangluo.com/106/clerk/1688742710650pEAfG6N12a.jpg?imageView2/1/w/200/h/200,0,ç«é¡µ,1,æµ™æ±Ÿ,0,ç¬¨ç¬¨æœæ±ä¾›åº”å•†|çœŸè¯šçš„ç¢ç¢å¿µ|æ©˜å­ä¸æ˜¯å”¯ä¸€çš„æ°´æœ|çˆ±ä¸å æœ‰|ä¸è¢«å æœ‰,http://cos.duopei.feiniaowangluo.com/106/clerk/16742718219743F6X1Xdpr0.mp3,ç¯ç«é˜‘çŠå¤„,2023-08-03 11:36:36,2023-08-03 03:36:36,0,http://dfbviostem.duopei-m.99c99c.com/clerk/detail/67958,1,1,1,http://dfbviostem.duopei-m.99c99c.com
99,http://cos.duopei.feiniaowangluo.com/106/clerk/1680777031143HAjGfJbUpg.jpg?imageView2/1/w/200/h/200,0,æ¡‘æ¡‘,1,æ²³å—,0,é“æ±‰æŸ”æƒ…å°¤ä¸ºåŠ¨äººğŸ’“|æ‹›æ¡ƒèŠ±|å¯¹ä¸»åŠ¨çš„ä½ æ»¡æ€€æœŸå¾…|çœŸè¯šç›¸å¾…|è½¬è¿å¥³å­©,http://cos.duopei.feiniaowangluo.com/106/clerk/1686393315556QEWAQP93sS.mp3,ç¯ç«é˜‘çŠå¤„,2023-08-03 11:36:36,2023-08-03 03:36:36,0,http://dfbviostem.duopei-m.99c99c.com/clerk/detail/64519,1,2,2,http://dfbviostem.duopei-m.99c99c.com
66,http://cos.duopei.feiniaowangluo.com/106/clerk/1676084203811X4ueZt7g19.jpg?imageView2/1/w/200/h/200,0,é¸¢ç¾½,1,å±±è¥¿,0,ä¼šèƒŒä¹ä¹ä¹˜æ³•è¡¨|ä¸€å¤©å¯ä»¥åƒä¸‰é¡¿|ä¸‹é›¨çŸ¥é“å¾€å®¶è·‘,http://cos.duopei.feiniaowangluo.com/106/clerk/apply/1676013967504JJS1nA1ZcO.mp3,ç¯ç«é˜‘çŠå¤„,2023-08-03 11:36:37,2023-08-03 03:36:36,0,http://dfbviostem.duopei-m.99c99c.com/clerk/detail/77650,1,3,3,http://dfbviostem.duopei-m.99c99c.com
20,http://cos.duopei.feiniaowangluo.com/106/clerk/1679477045851Bn7Of0sMuR.jpg?imageView2/1/w/200/h/200,0,ä¹‹ç¦¾,1,åŒ—äº¬,0,å¥¶å¾¡åŒä¿®|ä¸Šçš„äº†å…å ‚|ä¸‹ä¸äº†å¨æˆ¿|æœºæ™º+æè‡´|ä¼šç©æ™ºèƒ½æ‰‹æœº,http://cos.duopei.feiniaowangluo.com/106/clerk/apply/1676015241865fv87XK4Z5g.mp3,ç¯ç«é˜‘çŠå¤„,2023-08-03 11:36:37,2023-08-03 03:36:36,0,http://dfbviostem.duopei-m.99c99c.com/clerk/detail/77645,1,4,4,http://dfbviostem.duopei-m.99c99c.com
25,http://cos.duopei.top/24/clerk/1685846568075ccWby1lhlE.jpg?imageView2/1/w/200/h/200,0,çŸ¥å¿ƒæ ‘æ´åº—é•¿,0,åŒ—äº¬,0,ä¸æ¥å•,http://cos.duopei.top/24/clerk/1685846743323SwtduiINfL.mp3,çŸ¥å¿ƒæ ‘æ´,2023-08-03 11:36:41,2023-08-03 03:36:41,0,http://tmopgz66ne.duopei-m.manongnet.cn/clerk/detail/74692?itemCategoryId&VNK=7207dfaa,0,0,0,http://tmopgz66ne.duopei-m.manongnet.cn
23,http://cos.duopei.feiniaowangluo.com/24/clerk/1688793631137lDNWCqRMTY.jpg?imageView2/1/w/200/h/200,0,ç­‰é›ª,0,å±±è¥¿,0,éšç¼˜æ¥å•,http://cos.duopei.feiniaowangluo.com/24/clerk/1682434532227oUoLxFyt1n.mp3,çŸ¥å¿ƒæ ‘æ´,2023-08-03 11:36:41,2023-08-03 03:36:41,0,http://tmopgz66ne.duopei-m.manongnet.cn/clerk/detail/91270?itemCategoryId&VNK=f624264b,0,1,1,http://tmopgz66ne.duopei-m.manongnet.cn
20,http://cos.duopei.feiniaowangluo.com/24/clerk/1690700362364oQuEyVbvWP.jpg?imageView2/1/w/200/h/200,0,æ©™å­,0,æµ·å¤–,0,æ²¡æœ‰å®‰å…¨æ„Ÿçš„å°å–µğŸ±|æœŸå¾…é•¿æœŸå›ºèŠå®ˆæŠ¤ğŸŒ¸|å½»å¤œé™ªä¼´|å¬è¯å®å®,http://cos.duopei.feiniaowangluo.com/24/clerk/1680966305540j8DUYWKy7X.mp3,çŸ¥å¿ƒæ ‘æ´,2023-08-03 11:36:42,2023-08-03 03:36:41,0,http://tmopgz66ne.duopei-m.manongnet.cn/clerk/detail/76859?itemCategoryId&VNK=6e86611e,0,2,2,http://tmopgz66ne.duopei-m.manongnet.cn
19,http://cos.duopei.feiniaowangluo.com/24/clerk/1688313913242l33MghrgJN.jpg?imageView2/1/w/200/h/200,0,å››å¶è‰,0,å®‰å¾½,0,å¯ç”œå¯æ¬²â¤ï¸â€ğŸ”¥|æ·±å¤œç¦åˆ©ğŸ|åŒ…å¤©ğŸ‰‘å‘ç…§ç‰‡|ä¹°æ–­æœ‰æƒŠå–œğŸ’,http://cos.duopei.feiniaowangluo.com/24/clerk/apply/1688257051686DibbYq3QHG.mp3,çŸ¥å¿ƒæ ‘æ´,2023-08-03 11:36:42,2023-08-03 03:36:41,0,http://tmopgz66ne.duopei-m.manongnet.cn/clerk/detail/103428?itemCategoryId&VNK=29f1cb68,0,3,3,http://tmopgz66ne.duopei-m.manongnet.cn
20,http://cos.duopei.feiniaowangluo.com/24/clerk/apply/16887434011085ZJvnDvsNw.jpg?imageView2/1/w/200/h/200,0,å¶åƒå¤,0,æ±Ÿè‹,0,å…¨å¤©æ–‡å­—|è¯­éŸ³å¤©èŠ±æ¿|å”±æ­Œ|æ½®æµ|æ€§ä»·æ¯”å¤©èŠ±æ¿,http://cos.duopei.feiniaowangluo.com/24/clerk/16893753643440gzySHVLDp.mp3,çŸ¥å¿ƒæ ‘æ´,2023-08-03 11:36:42,2023-08-03 03:36:41,0,http://tmopgz66ne.duopei-m.manongnet.cn/clerk/detail/105641?itemCategoryId&VNK=c79e8cff,0,4,4,http://tmopgz66ne.duopei-m.manongnet.cn
25,http://cos.duopei.feiniaowangluo.com/78/clerk/1678258821763cnAyjtpmau.jpg?imageView2/1/w/200/h/200,1,åº—é•¿ï¼ˆç¥–å›½ä¸‡å²ï¼‰,0,åŒ—äº¬,0,ç»¿è‰²èŠå¤©|æ‹’ç»ä½ä¿—|æ€¥äº‹æ‰“èµ6.66å…ƒ,http://cos.duopei.feiniaowangluo.com/78/clerk/1645947754537uy8WzGLSXW.mp3,å‘å¾€ä¹‹æ‹,2023-08-03 11:36:41,2023-08-03 03:36:41,1,http://o5naicsqby.duopei-m.manongnet.cn/clerk/detail/13056?itemCategoryId,0,0,0,http://o5naicsqby.duopei-m.manongnet.cn
20,http://cos.duopei.feiniaowangluo.com/78/clerk/1689008276377dbwBrXAjVW.jpg?imageView2/1/w/200/h/200,5,åˆ˜å¤‡,0,é»‘é¾™æ±Ÿ,0,LoveandPeace|â™ ï¸|åºŸç‰©ç‚¹å¿ƒ|ä½›ç³»,http://cos.duopei.feiniaowangluo.com/78/clerk/1671125163487ECK66sPMU6.mp3,å‘å¾€ä¹‹æ‹,2023-08-03 11:36:42,2023-08-03 03:36:41,5,http://o5naicsqby.duopei-m.manongnet.cn/clerk/detail/13061?itemCategoryId,0,1,1,http://o5naicsqby.duopei-m.manongnet.cn
24,http://cos.duopei.feiniaowangluo.com/78/clerk/168750876025339WVjntlCk.jpg?imageView2/1/w/200/h/200,4,é»å¤,0,å¹¿è¥¿,0,é‡‘é“²é“²|ä¹°æ–­è§£é”æ–°çŸ¥è¯†|ä¸‹è§†é¢‘æ‰“èµå’¨è¯¢,http://cos.duopei.feiniaowangluo.com/78/clerk/1641961456229NCjhdMa9Zs.mp3,å‘å¾€ä¹‹æ‹,2023-08-03 11:36:42,2023-08-03 03:36:41,4,http://o5naicsqby.duopei-m.manongnet.cn/clerk/detail/18966?itemCategoryId,0,2,2,http://o5naicsqby.duopei-m.manongnet.cn
23,http://cos.duopei.feiniaowangluo.com/78/clerk/1689423015081UhigrJ2hd0.jpg?imageView2/1/w/200/h/200,4,å¯ä¹ï¼ˆå¿ƒåŠ¨é¦–é€‰â¤,0,åŒ—äº¬,0,å¯çˆ±åˆè¿·äººçš„åæ´¾ğŸŒŸ|ä¸‹å•è§£é”ç™¾*ç”œå¦¹â¤ï¸|æƒ…æ„Ÿåˆ†æ|å¤±çœ å½’å±åœ°,http://cos.duopei.feiniaowangluo.com/78/clerk/1689531406879OmmqzbR73F.mp3,å‘å¾€ä¹‹æ‹,2023-08-03 11:36:42,2023-08-03 03:36:41,4,http://o5naicsqby.duopei-m.manongnet.cn/clerk/detail/58859?itemCategoryId,0,3,3,http://o5naicsqby.duopei-m.manongnet.cn
18,http://cos.duopei.feiniaowangluo.com/78/clerk/1690874341779uLqeBOU3UY.jpg?imageView2/1/w/200/h/200,4,é˜¿å¨‡,0,æ¹–å—,0,æ¸©æŸ”å§å§|ç†æ€§ä¸»ä¹‰|ç¿˜å˜´ç½¢äº†|æ°¸åŠ«æ— é—´,http://cos.duopei.feiniaowangluo.com/78/clerk/166996248101500ND1cjqLJ.mp3,å‘å¾€ä¹‹æ‹,2023-08-03 11:36:43,2023-08-03 03:36:41,4,http://o5naicsqby.duopei-m.manongnet.cn/clerk/detail/32795?itemCategoryId,0,4,4,http://o5naicsqby.duopei-m.manongnet.cn
25,http://cos.duopei.top/172/clerk/1685846328882tRjQ6MV6iy.jpg?imageView2/1/w/200/h/200,0,å¾®å¾®åº—é•¿,0,åŒ—äº¬,0,ä¸æ¥å•,http://cos.duopei.feiniaowangluo.com/172/clerk/1685856234273VBz2C72F4T.mp3,å¾®å¾®æ ‘æ´,2023-08-03 11:36:47,2023-08-03 03:36:47,0,http://0oofebivlh.duopei-m.manongnet.cn/clerk/detail/41300?itemCategoryId&VNK=50048e53,0,0,0,http://0oofebivlh.duopei-m.manongnet.cn
23,http://cos.duopei.feiniaowangluo.com/172/clerk/1688793573512ndTPHyuPtu.jpg?imageView2/1/w/200/h/200,0,ç­‰é›ª,0,å±±è¥¿,0,éšç¼˜æ¥å•,http://cos.duopei.feiniaowangluo.com/172/clerk/1689694903734SDhFH3yjaa.mp3,å¾®å¾®æ ‘æ´,2023-08-03 11:36:47,2023-08-03 03:36:47,0,http://0oofebivlh.duopei-m.manongnet.cn/clerk/detail/91248?itemCategoryId&VNK=40fb815d,0,1,1,http://0oofebivlh.duopei-m.manongnet.cn
19,http://cos.duopei.feiniaowangluo.com/172/clerk/1685708961538wsuqK6WsLg.jpg?imageView2/1/w/200/h/200,0,è¥¿æ¥¼,0,å››å·,0,,http://cos.duopei.feiniaowangluo.com/172/clerk/apply/1672180409073zR78ku5ePD.mp3,å¾®å¾®æ ‘æ´,2023-08-03 11:36:48,2023-08-03 03:36:47,0,http://0oofebivlh.duopei-m.manongnet.cn/clerk/detail/71610?itemCategoryId&VNK=39596ba0,0,2,2,http://0oofebivlh.duopei-m.manongnet.cn
19,http://cos.duopei.feiniaowangluo.com/172/clerk/1688899400420gmoNeF5h4N.jpg?imageView2/1/w/200/h/200,0,ç¬‘ç¬‘,0,ç¦å»º,0,æ¸©æŸ”çŸ¥æ€§|æ²»æ„ˆ|å¤é£|è®²æ•…äº‹|çµå¼‚çˆ±å¥½,http://cos.duopei.feiniaowangluo.com/172/clerk/1688495360785DawIoU3o0I.mp3,å¾®å¾®æ ‘æ´,2023-08-03 11:36:48,2023-08-03 03:36:47,0,http://0oofebivlh.duopei-m.manongnet.cn/clerk/detail/104027?itemCategoryId&VNK=416b96ac,0,3,3,http://0oofebivlh.duopei-m.manongnet.cn
22,http://cos.duopei.feiniaowangluo.com/172/clerk/1688567476463UhXlAM77Ba.jpg?imageView2/1/w/200/h/200,0,è‰è‰å­,0,å¹¿ä¸œ,0,é€Ÿåº¦ä¸**çš„ç¢°æ’|å°‘å¾¡å°é‡çŒ«|æ¸©æŸ”äººqi|æ²»æ„ˆå§å§|å¸¦ç»™ä½ æè‡´çš„ä½“éªŒ,http://cos.duopei.feiniaowangluo.com/172/clerk/1688816741708RyrWzwbxEh.mp3,å¾®å¾®æ ‘æ´,2023-08-03 11:36:48,2023-08-03 03:36:47,0,http://0oofebivlh.duopei-m.manongnet.cn/clerk/detail/96442?itemCategoryId&VNK=0322fbeb,0,4,4,http://0oofebivlh.duopei-m.manongnet.cn
25,http://cos.duopei.feiniaowangluo.com/50/clerk/1667414266623zxSLCkvI5C.jpg?imageView2/1/w/200/h/200,4,å¦„æƒ³,0,å¹¿ä¸œ,å¦‚æœä½ æ¥è®¿æˆ‘ï¼Œæˆ‘ä¸åœ¨ï¼Œè¯·å’Œæˆ‘é—¨å¤–çš„èŠ±åä¸€ä¼šï¼Œå®ƒä»¬å¾ˆæ¸©æš–,è¯­éŸ³é€šè¯|æ¸¸æˆé™ªç©|æƒ³å»æµ·è¾¹|æ€»æœ‰ä¸€å¤©ä½ ä¼š|å‡ºç°åœ¨æˆ‘èº«è¾¹|å†è§é¢å°±æ˜¯æ°¸è¿œ|æ­¤åˆ»æˆ‘ä¹Ÿè¿™æ ·æƒ³,http://cos.duopei.feiniaowangluo.com/50/clerk/1680371832801VAEk7QUcPa.mp3,èŠ±è¯­æ ‘æ´,2023-08-03 11:36:51,2023-08-03 03:36:51,4,http://l67ewbjfvw.duopei-m.huayushudong.com/clerk/detail/63750,0,0,0,http://l67ewbjfvw.duopei-m.huayushudong.com
21,http://cos.duopei.feiniaowangluo.com/50/clerk/1690887510991JQ9nCAYwyW.jpg?imageView2/1/w/200/h/200,3,æœˆäº®ğŸŒ›é”¦ç»£å¹´å,0,ä¸Šæµ·,åªä¸ºé‡è§é‚£ä¸ªå’Œæˆ‘ç›¸ä¼¼åˆäº’è¡¥çš„äººï¼Œå¸Œæœ›æˆ‘çš„å‡ºç°èƒ½åƒä¸€ä»½ç¤¼ç‰©ğŸ’,è¯­éŸ³é€šè¯|æ¸¸æˆé™ªç©|æ¥è§†é¢‘å•ğŸ”¥æ‰€ğŸˆ¶ç…§ç‰‡å‡ä¸ºæœ¬äºº|å¯ç”œå¯è¾£+æ¨¡ç‰¹ğŸŒ›|ç®€å•ä¸”çœŸè¯š,http://cos.duopei.feiniaowangluo.com/50/clerk/1690781926738XwMe3Dn8Bf.mp3,èŠ±è¯­æ ‘æ´,2023-08-03 11:36:51,2023-08-03 03:36:51,3,http://l67ewbjfvw.duopei-m.huayushudong.com/clerk/detail/99878,0,1,1,http://l67ewbjfvw.duopei-m.huayushudong.com
26,http://cos.duopei.feiniaowangluo.com/50/clerk/1690944135192zervK1t5jA.jpg?imageView2/1/w/200/h/200,3,å†¬å­£,0,æµ·å¤–,å…¶å®ä½ æƒ³çš„å¤ªå¤šäº† æ‰€ä»¥ä½ ä¸å¿«ä¹,è¯­éŸ³é€šè¯|174å†·è‰³ç¾å¥³|å“²å­¦ç³»å­¦å§|å¿ƒè·³å…±æ|å†°è´è¶ğŸ¦‹|é‡‘ç‰Œä»·æ ¼æ‰“èµä¸‹å•,http://cos.duopei.feiniaowangluo.com/50/clerk/1690906592419drKfyKAMyp.mp3,èŠ±è¯­æ ‘æ´,2023-08-03 11:36:52,2023-08-03 03:36:51,3,http://l67ewbjfvw.duopei-m.huayushudong.com/clerk/detail/104552,0,2,2,http://l67ewbjfvw.duopei-m.huayushudong.com
99,http://cos.duopei.feiniaowangluo.com/50/clerk/1671458000294GMpzJgQBlG.jpg?imageView2/1/w/200/h/200,3,æ›¼æ›¼.èŠå¤©æ­å­,0,åŒ—äº¬,ä¸è™šæ‹æš§æ˜§(ä½“åˆ¶ç±»å·¥ä½œ),æƒ…æ„Ÿå’¨è¯¢|æƒ…æ„Ÿè°ƒè§£|ä»£æ‰“ç”µè¯|æƒ…æ„Ÿå€¾è¯‰|æƒ…ç»ªé¦–å¯Œ,http://cos.duopei.feiniaowangluo.com/50/clerk/1688318642060J6iDllEmaN.mp3,èŠ±è¯­æ ‘æ´,2023-08-03 11:36:52,2023-08-03 03:36:51,3,http://l67ewbjfvw.duopei-m.huayushudong.com/clerk/detail/66019,0,3,3,http://l67ewbjfvw.duopei-m.huayushudong.com
20,http://cos.duopei.feiniaowangluo.com/50/clerk/1687105482560PrFurnmB71.jpg?imageView2/1/w/200/h/200,3,æ±Ÿè¿°,0,é‡åº†,å±äºç«ç‘°çš„ç››å¤æ°¸è¿œä¸ä¼šç¼ºå¸­,è¯­éŸ³é€šè¯|æ¸¸æˆé™ªç©|é¡¶çº§æ‹çˆ±è„‘|æ ‡å‡†å¤„å¥³åº§|æ¸©æŸ”è§£å¿§åº—|å¥¶ç‹—åœ°èŠ±æ¿|é‡‘ç‰Œä»·æ‰“èµä¸‹å•,http://cos.duopei.feiniaowangluo.com/50/clerk/1690915478232MsrWE3eNld.mp3,èŠ±è¯­æ ‘æ´,2023-08-03 11:36:53,2023-08-03 03:36:51,3,http://l67ewbjfvw.duopei-m.huayushudong.com/clerk/detail/75107,0,4,4,http://l67ewbjfvw.duopei-m.huayushudong.com
21,http://cos.duopei.feiniaowangluo.com/119/clerk/1645939221921jRTZHgdOty.jpg?imageView2/1/w/200/h/200,7,åº—é•¿ï¼ˆæŠ•è¯‰+Vï¼‰,1,è¾½å®,0,çº¯ç»¿å¹³å°ğŸ’•|å‹¿ç§ä¸‹è½¬è´¦ğŸ’•|é—²èŠå‹¿ä¸‹ğŸ’•,http://cos.duopei.feiniaowangluo.com/119/clerk/1645941373753U3QtZBQowX.mp3,æƒŠé¸¿ä¹‹æ‹,2023-08-03 11:36:54,2023-08-03 03:36:54,7,http://t3emfwrung.duopei-m.manongnet.cn/clerk/detail/20007?itemCategoryId&VNK=d2fc46b4,1,0,0,http://t3emfwrung.duopei-m.manongnet.cn
18,http://cos.duopei.feiniaowangluo.com/119/clerk/1689493868485HNtBZD9KTj.jpg?imageView2/1/w/200/h/200,6,å§œä¸ä¸ğŸ’é˜¿æ˜•ä¸“å±,1,å¹¿ä¸œ,0,æ’’å¨‡çš„çŒ«|brat|æ‡‚æƒ…è¶£|å°‘èéŸ³|è™šæ‹å¤©èŠ±æ¿,http://cos.duopei.feiniaowangluo.com/119/clerk/1688994732691o4w3ZJ9H2d.mp3,æƒŠé¸¿ä¹‹æ‹,2023-08-03 11:36:55,2023-08-03 03:36:54,6,http://t3emfwrung.duopei-m.manongnet.cn/clerk/detail/105302?itemCategoryId&VNK=75a01a8b,1,1,1,http://t3emfwrung.duopei-m.manongnet.cn
99,http://cos.duopei.feiniaowangluo.com/119/clerk/1688388783911Mu8HuyPZ51.jpg?imageView2/1/w/200/h/200,6,è‹¡è‹¡,1,åŒ—äº¬,0,ç”œå¾¡å¤©èŠ±æ¿|æè‡´åå·®|æƒ…æ„Ÿå¤§å¸ˆ,http://cos.duopei.feiniaowangluo.com/119/clerk/1689161165308uZhXnqqG2G.mp3,æƒŠé¸¿ä¹‹æ‹,2023-08-03 11:36:55,2023-08-03 03:36:54,6,http://t3emfwrung.duopei-m.manongnet.cn/clerk/detail/64457?itemCategoryId&VNK=a8703aff,1,2,2,http://t3emfwrung.duopei-m.manongnet.cn
19,http://cos.duopei.feiniaowangluo.com/119/clerk/1690813055780j22nEfQowX.jpg?imageView2/1/w/200/h/200,5,ç¥ç¥,1,æµ™æ±Ÿ,0,ä¹–|æ¸©æŸ”å¥³å¤§|ç…§ç‰‡æœ¬äºº|èº«é«˜170+|å¯ç”œå¯å¾¡,http://cos.duopei.feiniaowangluo.com/119/clerk/16908125333359G9S7ToeZ9.mp3,æƒŠé¸¿ä¹‹æ‹,2023-08-03 11:36:56,2023-08-03 03:36:54,5,http://t3emfwrung.duopei-m.manongnet.cn/clerk/detail/95683?itemCategoryId&VNK=917d1689,1,3,3,http://t3emfwrung.duopei-m.manongnet.cn
23,http://cos.duopei.feiniaowangluo.com/119/clerk/1690361077670DvTzY6wpiS.jpg?imageView2/1/w/200/h/200,4,å¨‡å—”,1,è¾½å®,0,ç¦æ¬²çŒ«å¨˜|æš´åŠ›æ‰§æ³•âš ï¸|æå“ç”œå¾¡|å†…åªšæƒ‘å¿ƒ,http://cos.duopei.feiniaowangluo.com/119/clerk/1690412140827fDs9uR7yzh.mp3,æƒŠé¸¿ä¹‹æ‹,2023-08-03 11:36:56,2023-08-03 03:36:54,4,http://t3emfwrung.duopei-m.manongnet.cn/clerk/detail/20737?itemCategoryId&VNK=99d212a5,1,4,4,http://t3emfwrung.duopei-m.manongnet.cn
99,http://cos.duopei.feiniaowangluo.com/67/clerk/1657360682377WKb7wlxLrx.jpg?imageView2/1/w/200/h/200,0,å½±å„¿,0,æµ·å¤–,0,ç‹è€…åŒåŒº|å°å›½ç‘¶å°ä¹”è¥¿æ–½å›½äº”åé˜¿ç¦»|æŒ‡å®šæ¸¸æˆå•å®‰æ’ä¸‰æ’,http://cos.duopei.feiniaowangluo.com/67/clerk/1657547098600gme87mmdkp.mp3,ä¸‰å˜ç±³çš„é›¾,2023-08-03 11:37:01,2023-08-03 03:37:01,0,http://ou8pqjkrtl.duopei-m.manongnet.cn/clerk/detail/9843?itemCategoryId&VNK=d9e7d8ea,0,0,0,http://ou8pqjkrtl.duopei-m.manongnet.cn
20,http://cos.duopei.feiniaowangluo.com/67/clerk/16900225719435vUgqcHK7k.jpg?imageView2/1/w/200/h/200,0,å°ç³¯ç±³ã®,0,å¹¿ä¸œ,0,æ°¸åŠ«#é¹…é¸­æ€.|é‡‘é“²é“²|24håœ¨çº¿æ¥|ç”µå°æ–‡æœ¬bgm|æ‰‹ç»˜å¤´åƒ,http://cos.duopei.feiniaowangluo.com/67/clerk/apply/16800506499611TgBe2P2EC.mp3,ä¸‰å˜ç±³çš„é›¾,2023-08-03 11:37:01,2023-08-03 03:37:01,0,http://ou8pqjkrtl.duopei-m.manongnet.cn/clerk/detail/85905?itemCategoryId&VNK=ffe18c5f,0,1,1,http://ou8pqjkrtl.duopei-m.manongnet.cn
19,http://cos.duopei.feiniaowangluo.com/67/clerk/1690671972765Pp2Nn97kMc.jpg?imageView2/1/w/200/h/200,0,çšçš,0,æµ™æ±Ÿ,0,ä¹–å®|å°ç‹—æ—¥è®°|æœªæ¥æ‰“èµç•™v,http://cos.duopei.feiniaowangluo.com/67/clerk/1689855753919Kx0C5RUWlS.mp3,ä¸‰å˜ç±³çš„é›¾,2023-08-03 11:37:02,2023-08-03 03:37:01,0,http://ou8pqjkrtl.duopei-m.manongnet.cn/clerk/detail/61915?itemCategoryId&VNK=3142aa57,0,2,2,http://ou8pqjkrtl.duopei-m.manongnet.cn
52,http://cos.duopei.feiniaowangluo.com/67/clerk/apply/1689471049824HECkqEt0S4.jpg?imageView2/1/w/200/h/200,0,å¹¼å¹¼,0,å±±ä¸œ,0,æç¬‘å¥³|æœ‰è¶£çš„å°é‡‘ç‰›|å°å˜æ€|æ¸©æŸ”çš„å§å§|ä½ çš„æœˆäº®,http://cos.duopei.feiniaowangluo.com/67/clerk/1689475330510bIDuICPzRn.mp3,ä¸‰å˜ç±³çš„é›¾,2023-08-03 11:37:03,2023-08-03 03:37:01,0,http://ou8pqjkrtl.duopei-m.manongnet.cn/clerk/detail/106618?itemCategoryId&VNK=9d9c6995,0,3,3,http://ou8pqjkrtl.duopei-m.manongnet.cn
19,http://cos.duopei.feiniaowangluo.com/67/clerk/1690900145523JPtLM7jccv.jpg?imageView2/1/w/200/h/200,0,æ‚²ä¼¤çš„å¸ƒä¸,0,æ¹–å—,0,æŸ”æƒ…ä¼¼æ°´|ä¸€å“­äºŒé—¹ä¸‰ä¸ŠåŠ|çˆ±åƒç”œé£Ÿ|å°å“­åŒ…|è·‘è°ƒä¸‰è¿,http://cos.duopei.feiniaowangluo.com/67/clerk/16909854523548MMtXLAZlI.mp3,ä¸‰å˜ç±³çš„é›¾,2023-08-03 11:37:03,2023-08-03 03:37:01,0,http://ou8pqjkrtl.duopei-m.manongnet.cn/clerk/detail/101056?itemCategoryId&VNK=cb83d9f1,0,4,4,http://ou8pqjkrtl.duopei-m.manongnet.cn
100,http://cos.duopei.feiniaowangluo.com/127/clerk/1690974152772kDf70A6knX.jpg?imageView2/1/w/200/h/200,5,å® æºº,1,æµ™æ±Ÿ,0,ä¸“å±å®šåˆ¶ã®ç‹¬å±…å¥³å‹ğŸ‘©ğŸ»|æƒ…ç»ªæ‹‰æ»¡ğŸ©µ|soulmateğŸ¤,http://cos.duopei.top/127/clerk/1681386323962ubQj8yawDm.mp3,æ‰¾é™ªé™ª,2023-08-03 11:37:02,2023-08-03 03:37:02,5,http://yj5igug8wx.duopei-m.manongnet.cn/clerk/detail/70176?itemCategoryId,1,0,0,http://yj5igug8wx.duopei-m.manongnet.cn
23,http://cos.duopei.feiniaowangluo.com/127/clerk/1687745425594Vqyv06OCea.jpg?imageView2/1/w/200/h/200,3,ç™½èŒ¶,1,å†…è’™å¤,0,å°Šå˜Ÿå‡å˜ŸğŸ¸|æš–å¿ƒè¯å¤šğŸª|ç»¿é™ªèŠâœ”ï¸|èµŒç¥ğŸ’…,http://cos.duopei.feiniaowangluo.com/127/clerk/1688259166298wHjFFPlMSB.mp3,æ‰¾é™ªé™ª,2023-08-03 11:37:03,2023-08-03 03:37:02,3,http://yj5igug8wx.duopei-m.manongnet.cn/clerk/detail/90585?itemCategoryId,1,1,1,http://yj5igug8wx.duopei-m.manongnet.cn
22,http://cos.duopei.feiniaowangluo.com/127/clerk/1690909153030h9RpBGuYl9.jpg?imageView2/1/w/200/h/200,3,é”¦é²¤,1,åŒ—äº¬,0,å”¯ä¸€å¥‘åˆçµé­‚|æ‡‚ä½ æ‰€éœ€å¦‚ä½ æ‰€æ„¿|å›½ç‹æ¸¸æˆğŸš«|æ›¿èº«æ–‡å­¦ğŸŸ,http://cos.duopei.feiniaowangluo.com/127/clerk/16895220735543708arrAtb.mp3,æ‰¾é™ªé™ª,2023-08-03 11:37:04,2023-08-03 03:37:02,3,http://yj5igug8wx.duopei-m.manongnet.cn/clerk/detail/80641?itemCategoryId,1,2,2,http://yj5igug8wx.duopei-m.manongnet.cn
88,http://cos.duopei.feiniaowangluo.com/127/clerk/1690894124865Mo6o3ay5St.jpg?imageView2/1/w/200/h/200,3,èŒ‰æ½‡,1,å››å·,0,ç”œå¿ƒä¸“å±å¥³æœ‹å‹ğŸ’•|ç§’å›æ ‘æ´å°å®è´ğŸ’|å¤çµç²¾æ€ªæç¬‘å¥³ğŸ’–,http://cos.duopei.feiniaowangluo.com/127/clerk/1690225126011tJ2d152suy.mp3,æ‰¾é™ªé™ª,2023-08-03 11:37:04,2023-08-03 03:37:02,3,http://yj5igug8wx.duopei-m.manongnet.cn/clerk/detail/108283?itemCategoryId,1,3,3,http://yj5igug8wx.duopei-m.manongnet.cn
52,http://cos.duopei.feiniaowangluo.com/127/clerk/1690648016716cdEpq1Z1Df.jpg?imageView2/1/w/200/h/200,3,è¹‚å»,1,ä¸Šæµ·,0,â­•ï¸å…¨èƒ½ã®ç¥|â­•ï¸æœä»æˆ‘|â­•ï¸é™æ—¶æƒ…äººğŸ”¥|â­•ï¸å˜æ€ä¸”çº¯çˆ±,http://cos.duopei.feiniaowangluo.com/127/clerk/1690728742944fad6DmrDTl.mp3,æ‰¾é™ªé™ª,2023-08-03 11:37:05,2023-08-03 03:37:02,3,http://yj5igug8wx.duopei-m.manongnet.cn/clerk/detail/80783?itemCategoryId,1,4,4,http://yj5igug8wx.duopei-m.manongnet.cn
99,http://cos.duopei.feiniaowangluo.com/1123/clerk/1690351279859ujY4v8n2ig.jpg?imageView2/1/w/200/h/200,0,å¸Œå¸Œï¼ˆé™å®šï¼‰,0,æ±Ÿè¥¿,0,ç…§ç‰‡æœ¬äººğŸ’|ç‹è€…è£è€€ğŸ­|æŒ‡å®šé€æ­ŒğŸŒ¹|åå·®ğŸ§¡å¥³å‹|ä»»æ„æ‰“èµâ•V,http://cos.duopei.feiniaowangluo.com/1123/clerk/16882002632949G4lENn0Pu.mp3,æ¸©é…’å°é•‡,2023-08-03 11:37:07,2023-08-03 03:37:07,0,http://1tt9ggod2u.duopei-m.wenjiuxiaozhen.top/clerk/detail/91668?itemCategoryId&VNK=a0461848,0,0,0,http://1tt9ggod2u.duopei-m.wenjiuxiaozhen.top
18,http://cos.duopei.feiniaowangluo.com/1123/clerk/1689213835281oNW44IagF1.jpg?imageView2/1/w/200/h/200,0,è¬è¬,0,æ²³å—,0,èŒå¦¹|çºµæœ‰ä¸‡äººå“„ï¼Œä¸å¦‚ä¸€äººå® |å¯ç›å¯ç”œ,http://cos.duopei.feiniaowangluo.com/1123/clerk/1688811791653BYn1tILWiB.mp3,æ¸©é…’å°é•‡,2023-08-03 11:37:08,2023-08-03 03:37:07,0,http://1tt9ggod2u.duopei-m.wenjiuxiaozhen.top/clerk/detail/98966?itemCategoryId&VNK=8b8e1d58,0,1,1,http://1tt9ggod2u.duopei-m.wenjiuxiaozhen.top
19,http://cos.duopei.feiniaowangluo.com/1123/clerk/1690955629296iHZQcVjyuU.jpg?imageView2/1/w/200/h/200,0,æ·‡æ°´æ°´,0,å®‰å¾½,0,æ¸©æŸ”æ ‘æ´|ä½ çš„ä¸“å±è¾…åŠ©|å¯çˆ±ç²˜äºº|ä¹–ä¹–ç‰Œå¥³å‹|ä¸‡ç‰©æ¸©æŸ”,http://cos.duopei.feiniaowangluo.com/1123/clerk/1690832996093KYX42Z9i9j.mp3,æ¸©é…’å°é•‡,2023-08-03 11:37:08,2023-08-03 03:37:07,0,http://1tt9ggod2u.duopei-m.wenjiuxiaozhen.top/clerk/detail/108422?itemCategoryId&VNK=8fea59d5,0,2,2,http://1tt9ggod2u.duopei-m.wenjiuxiaozhen.top
19,http://cos.duopei.feiniaowangluo.com/1123/clerk/16821717951979wrWC3BQRz.jpg?imageView2/1/w/200/h/200,0,é¹¿ç¾½,0,å†…è’™å¤,0,æ¸©ç”œå¾¡|å£°å¾¡äººç”œ|æ¸©æŸ”è¯å¤š|ä¹–å·§å¬è¯|ç‹è€…å°è¶´èœ,http://cos.duopei.feiniaowangluo.com/1123/clerk/1689596294020kXHHsNH0OL.mp3,æ¸©é…’å°é•‡,2023-08-03 11:37:09,2023-08-03 03:37:07,0,http://1tt9ggod2u.duopei-m.wenjiuxiaozhen.top/clerk/detail/69460?itemCategoryId&VNK=ba401777,0,3,3,http://1tt9ggod2u.duopei-m.wenjiuxiaozhen.top
18,http://cos.duopei.feiniaowangluo.com/1123/clerk/16905533591730gTdNhfeRU.jpg?imageView2/1/w/200/h/200,0,ä¸‰å¿ƒ,0,é‡åº†,0,æŒ‡å®šå¥³å‹|é­”é¬¼ä¹‹éŸ³|å“„ç¡|æ²¡å¿ƒæ²¡è‚ºå°ä½œç²¾|ç‹è€…èœé¸Ÿ,http://cos.duopei.feiniaowangluo.com/1123/clerk/1690620954920g8P72EJJZo.mp3,æ¸©é…’å°é•‡,2023-08-03 11:37:09,2023-08-03 03:37:07,0,http://1tt9ggod2u.duopei-m.wenjiuxiaozhen.top/clerk/detail/97538?itemCategoryId&VNK=9a7d824d,0,4,4,http://1tt9ggod2u.duopei-m.wenjiuxiaozhen.top
0,http://cos.duopei.feiniaowangluo.com/6/clerk/1661697903310erIjfr9kyk.jpg?imageView2/1/w/200/h/200,0,åœ¨çº¿å®¢æœï¼ˆæˆ‘ä¸€ç›´åœ¨ï¼‰,0,0,ğŸˆ²ä½ä¿—è¡Œä¸ºï¼ŒğŸˆ²æœªæ»¡18å²ä¸‹å•åŠåº”è˜ï¼,24å°æ—¶åœ¨çº¿|é¢„è®¢åº—å‘˜|æŠ•è¯‰å»ºè®®|å…³æ³¨å®¢æœå…¬ä¼—å·è·å–è®¢å•æé†’åŠŸèƒ½,http://cos.duopei.feiniaowangluo.com/6/clerk/1621166602213dec8AFJ8qZ.mp3,æš–èŠå°é•‡,2023-08-03 11:37:13,2023-08-03 03:37:13,0,http://krx0nvfgg1.duopei-m.manongnet.cn/clerk/detail/379,0,0,0,http://krx0nvfgg1.duopei-m.manongnet.cn
0,http://cos.duopei.feiniaowangluo.com/6/clerk/1689266675764BftZ7HbUMV.jpg?imageView2/1/w/200/h/200,0,æ‘å£çƒ«å¤´ç‹å¸ˆå‚…,0,0,ä½ å¥½ï¼Œè¯·ç»™æˆ‘ä¸‹å•ï¼Œæˆ‘èµšé’±æœ‰ç”¨æ,å¤æ—¥é›†é‚®é“º|æœåŠ¡å¥½|äº‹æƒ…å°‘,http://cos.duopei.feiniaowangluo.com/6/clerk/1688223218670HLcVULc6wp.mp3,æš–èŠå°é•‡,2023-08-03 11:37:14,2023-08-03 03:37:13,0,http://krx0nvfgg1.duopei-m.manongnet.cn/clerk/detail/96668,0,1,1,http://krx0nvfgg1.duopei-m.manongnet.cn
0,http://cos.duopei.feiniaowangluo.com/6/clerk/1690380764131edwjC6HGjG.jpg?imageView2/1/w/200/h/200,0,å°è¿ğŸ†•,0,0,ä½ æ„¿æ„å¬æˆ‘è¯´å¾ˆå¤šå¾ˆå¤šçš„è¯å—,å¤æ—¥é›†é‚®é“º|172åå·®ç”œå¦¹|enfpğŸŒŸ|ç‹è€…å˜å˜å¸¦é£|å®¶æœ‰ä¸‰çŒ«|24å°æ—¶ä¾¿åˆ©åº—,http://cos.duopei.feiniaowangluo.com/6/clerk/1689004363309X90xvtJ2RX.mp3,æš–èŠå°é•‡,2023-08-03 11:37:14,2023-08-03 03:37:13,0,http://krx0nvfgg1.duopei-m.manongnet.cn/clerk/detail/76121,0,2,2,http://krx0nvfgg1.duopei-m.manongnet.cn
0,http://cos.duopei.feiniaowangluo.com/6/clerk/16903015126590YN7zlqViZ.jpg?imageView2/1/w/200/h/200,0,158å·å°è¡Œæ˜Ÿ,0,0,è¯»ä¹¦ä¹°èŠ±é•¿å¤§ï¼,å¤æ—¥é›†é‚®é“º|ä¸»æ‰“ä¹–å·§|æ°¸è¿œç«™ä½ è¿™è¾¹|å°å¾—ç›ˆæ»¡|æˆ‘æ˜¯ç”œå¦¹ï¼ŒçœŸçš„|å››å·å§‘å¨˜æ¸©æŸ”å¾—å¾ˆ,http://cos.duopei.feiniaowangluo.com/6/clerk/1690301631986hl9XGIcQy2.mp3,æš–èŠå°é•‡,2023-08-03 11:37:15,2023-08-03 03:37:13,0,http://krx0nvfgg1.duopei-m.manongnet.cn/clerk/detail/59030,0,3,3,http://krx0nvfgg1.duopei-m.manongnet.cn
0,http://cos.duopei.feiniaowangluo.com/6/clerk/1686719935664LKL1so7A2Q.jpg?imageView2/1/w/200/h/200,0,åƒåƒ,0,0,æ™šéœå°¤å…¶æ¸©æŸ”ï¼Œäººé—´çš†æ˜¯æµªæ¼«ï¼Œè¦é™ªåœ¨å€¼å¾—çš„äººèº«è¾¹ï¼Œä¸€å¹´åˆä¸€å¹´,è½¯è¯­è§£å¿§é¦†|ç‹è€…Steamè¿éº¦ğŸŒº|æ·±å¤œæ¸©æŸ”å“„ç¡ğŸ“|çƒ­æƒ…å¥½å¥‡çˆ±èŠğŸ‡,http://cos.duopei.feiniaowangluo.com/6/clerk/16867211735297bs3Gy33QA.mp3,æš–èŠå°é•‡,2023-08-03 11:37:16,2023-08-03 03:37:13,0,http://krx0nvfgg1.duopei-m.manongnet.cn/clerk/detail/78747,0,4,4,http://krx0nvfgg1.duopei-m.manongnet.cn
25,http://cos.duopei.feiniaowangluo.com/165/clerk/apply/1682759229189Fs2FlePeBD.jpg?imageView2/1/w/200/h/200,4,Danny,1,.line1 .position,0,ç´«å¾®æ˜Ÿç›˜|ç•™å­¦ç”Ÿ|æƒ…æ„Ÿå¯¼å¸ˆ,http://cos.duopei.feiniaowangluo.com/165/clerk/apply/1682759228147JO6S4VqpCo.mp3,é’ç­æ ‘æ´,2023-08-03 11:37:16,2023-08-03 03:37:16,4,http://lwzqvd7nvk.duopei-m.manongnet.cn/clerk/detail/91671?itemCategoryId&VNK=2e13f1f7,1,0,0,http://lwzqvd7nvk.duopei-m.manongnet.cn
20,http://cos.duopei.feiniaowangluo.com/165/clerk/1691031729686SKsM3vDK0q.jpg?imageView2/1/w/200/h/200,4,å•Šå–»,1,.line1 .position,0,å•Šå–»æƒ…ç»ªé“ºğŸŒ·|æƒ…ç»ªå…±äº«ğŸ¦‹|è§£å¿§æ ‘æ´ğŸŒ·|æ‰“èµ10rå³å¯ğŸ¦‹,http://cos.duopei.feiniaowangluo.com/165/clerk/1690950875469IqidUpsbTV.mp3,é’ç­æ ‘æ´,2023-08-03 11:37:17,2023-08-03 03:37:16,4,http://lwzqvd7nvk.duopei-m.manongnet.cn/clerk/detail/107884?itemCategoryId&VNK=f1893534,1,1,1,http://lwzqvd7nvk.duopei-m.manongnet.cn
25,http://cos.duopei.feiniaowangluo.com/165/clerk/16899896968987BIxH824Yx.jpg?imageView2/1/w/200/h/200,4,å²åŠ«,1,.line1 .position,0,daddy,http://cos.duopei.feiniaowangluo.com/165/clerk/apply/1687249807294fhfMV8gsXV.mp3,é’ç­æ ‘æ´,2023-08-03 11:37:18,2023-08-03 03:37:16,4,http://lwzqvd7nvk.duopei-m.manongnet.cn/clerk/detail/100970?itemCategoryId&VNK=ca071068,1,2,2,http://lwzqvd7nvk.duopei-m.manongnet.cn
20,http://cos.duopei.feiniaowangluo.com/165/clerk/169099911230912xBXb3jah.jpg?imageView2/1/w/200/h/200,3,02,1,.line1 .position,0,ä½ å¾—ä¸åˆ°çš„å§å§|è§£å¿§æ ‘æ´|å¯ç›å¯ç”œ,http://cos.duopei.feiniaowangluo.com/165/clerk/1690967017092U2SKx5K4eC.mp3,é’ç­æ ‘æ´,2023-08-03 11:37:18,2023-08-03 03:37:16,3,http://lwzqvd7nvk.duopei-m.manongnet.cn/clerk/detail/103298?itemCategoryId&VNK=20bbad64,1,3,3,http://lwzqvd7nvk.duopei-m.manongnet.cn
19,http://cos.duopei.feiniaowangluo.com/165/clerk/1690596737238jRPwQmkVDH.jpg?imageView2/1/w/200/h/200,3,ç–¯æ‰¹ç¾äºº,1,.line1 .position,0,è½¯ç³¯è…¹é»‘ğŸŒ»|å¤ªè´µæ‰“èµğŸŒ·|æè‡´åå·®ğŸŒ·|æŒ‡å®šæœ‰æƒŠå–œğŸ‘¾,http://cos.duopei.feiniaowangluo.com/165/clerk/1689692029846TguJmzJh7a.mp3,é’ç­æ ‘æ´,2023-08-03 11:37:18,2023-08-03 03:37:16,3,http://lwzqvd7nvk.duopei-m.manongnet.cn/clerk/detail/107280?itemCategoryId&VNK=8a473044,1,4,4,http://lwzqvd7nvk.duopei-m.manongnet.cn
